Titre,Texte intÃ©gral,Date,Nom du mÃ©dia,URL,ThÃ¨me
ClÃ´ture de la premiÃ¨re session ordinaire de lâ€™annÃ©e lÃ©gislative: Discours du prÃ©sident Marcel Niat Njifendji,"Accueil Â» Politique Â» ClÃ´ture de la premiÃ¨re session ordinaire de lâ€™annÃ©e lÃ©gislative: Discours du prÃ©sident Marcel Niat Njifendji
En clÃ´turant la premiÃ¨re session ordinaire de lâ€™annÃ©e lÃ©gislative 2025 du SÃ©nat, le prÃ©sident Marcel Niat Njifendji a notamment rendu hommage aux douze militaires camerounais tuÃ©s lors de lâ€™attaque terroriste menÃ©e par des Ã©lÃ©ments de Boko Haram.
â€¢ Le prÃ©sident de lâ€™AssemblÃ©e nationale,
â€¢ Le Premier ministre, chef du gouvernement,
â€¢ Le prÃ©sident du Conseil constitutionnel,
â€¢ Le juge en chef de la Cour suprÃªme et le procureur gÃ©nÃ©ral de la Cour suprÃªme,
â€¢ Le ministre dÃ©lÃ©guÃ© Ã  la prÃ©sidence en charge des relations avec le Parlement,
â€¢ DistinguÃ©s membres du gouvernement,
â€¢ Vos Excellences, Chefs des missions diplomatiques et ReprÃ©sentants dâ€™Organisations internationales
â€¢ Honorables dÃ©putÃ©s,
â€¢ DistinguÃ©s invitÃ©s,
â€¢ Mesdames et Messieurs,
Merci pour avoir rÃ©pondu prÃ©sent Ã  cette cÃ©rÃ©monie de clÃ´ture de la premiÃ¨re session ordinaire du SÃ©nat pour lâ€™annÃ©e lÃ©gislative 2025.
Avant tout, je voudrais honorer la mÃ©moire de quelque 12 (douze) soldats, tombÃ©s sur le champ de bataille lors dâ€™une attaque terroriste, il y a quelques jours, contre un avant-poste de la force multinationale mixte (FMM) de la Commission du Bassin du lac Tchad, dans le quartier nigÃ©rian de Wulgo.
Ã€ cet effet, je vous invite gentiment Ã  vous lever pour une minute de silence.
(Une minute de silence)
Merci.
â€¢ Mesdames et Messieurs,
â€¢ Chers collÃ¨gues du sÃ©nateur,
En rendant hommage Ã  la bravoure et Ã  la bravoure de nos forces de dÃ©fense et de sÃ©curitÃ©, qui accomplissent pleinement leur mission de protection de lâ€™intÃ©gritÃ© du territoire national et de son peuple, je voudrais vous rappeler que loin de nous dÃ©courager, ce triste Ã©vÃ©nement et toutes autres attaques similaires devrait plutÃ´t renforcer notre dÃ©termination Ã  lutter comme un seul pour la prÃ©servation de la paix dans notre pays et de son intÃ©gritÃ© territoriale.
Ã€ mes collÃ¨gues sÃ©nateurs et Ã  tous les acteurs politiques prÃ©sents ici aujourdâ€™hui, je voudrais vous rappeler votre devoir liÃ© face Ã  la violence et Ã  la haine sous toutes leurs formes.
En rÃ©alitÃ©, le contexte politique particulier dans lequel nous vivons actuellement appelle Ã  lâ€™unitÃ© de tous ceux qui dÃ©testent le chaos et ; au-delÃ  de nos diffÃ©rentes idÃ©ologies, notre responsabilitÃ© commune est de garantir la stabilitÃ© de nos institutions, car la stabilitÃ© institutionnelle est le fondement de la confiance, de la force ainsi que les moyens nÃ©cessaires Ã  la croissance et au dÃ©veloppement de notre pays.
Loin de tous les extrÃªmes, nous devons apporter tout notre soutien au prÃ©sident de la RÃ©publique dans tous ses efforts pour rÃ©pondre aux attentes des camerounais en termes de bien-Ãªtre et de justice sociale. Dans ce contexte, nous devons nous efforcer dâ€™unitÃ© et de stabilitÃ©, de bon sens et de concorde afin de pouvoir, Ã  tous les niveaux, rÃ©unir les camerounais qui veulent vivre ensemble en paix.
GuidÃ© par cette quÃªte du bien-Ãªtre de tous, le prÃ©sident de la RÃ©publique a dÃ©posÃ© devant le Parlement des projets de loi qui tÃ©moignent de son choix de renforcer le multilatÃ©ralisme pour un Cameroun qui restera toujours plus ouvert sur le monde.
Avec la ratification des accords sur la suppression rÃ©ciproque de lâ€™obligation de visa pour les dÃ©tenteurs de certains passeports ainsi que des conventions sur lâ€™Ã©limination de la double imposition, nous attendons donc une augmentation remarquable du volume des Ã©changes avec nos anciens et nouveaux partenaires Ã©conomiques et, finalement, une vÃ©ritable stimuler notre croissance Ã©conomique, grÃ¢ce Ã  la facilitÃ© avec laquelle les voyages officiels seront effectuÃ©s.
Dans le cadre de cette politique dâ€™ouverture et au-delÃ  de la diversification des partenaires, la croissance de lâ€™Ã©conomie nationale et lâ€™amÃ©lioration des conditions de vie des populations dÃ©pendent de plusieurs autres facteurs.
En rÃ©alitÃ©, le nouvel Ã©lan que le chef de lâ€™Ã‰tat et son gouvernement entendent donner Ã  notre pays appelle aussi Ã  la protection de lâ€™environnement et Ã  la prÃ©vention de tous types de risques, notamment ceux liÃ©s au dÃ©veloppement des biotechnologies.
La ratification de lâ€™accord-cadre de coopÃ©ration avec le NigÃ©ria sur la conservation des Ã©cosystÃ¨mes transfrontiÃ¨res et la gestion durable des ressources forestiÃ¨res et fauniques ainsi que lâ€™adoption du projet de loi rÃ©gissant la prÃ©vention des risques biotechnologiques au Cameroun sont certainement conformes Ã  cette politique, et jâ€™exhorte le gouvernement Ã  redoubler dâ€™efforts dans sa quÃªte constante pour amÃ©liorer les conditions de vie de notre peuple.
â€¢ Mesdames et Messieurs,
â€¢ Chers collÃ¨gues du sÃ©nateur,
Au niveau du Parlement, la participation active dâ€™une dÃ©lÃ©gation de la Chambre haute aux dÃ©libÃ©rations de la 150e AssemblÃ©e de lâ€™Union interparlementaire (UIP) Ã  Tachkent (OuzbÃ©kistan), un forum mondial de dialogue, sâ€™inscrit dans notre soutien actif au multilatÃ©ralisme prÃ´nÃ© et dÃ©fendu par le prÃ©sident de la RÃ©publique, Son Excellence Pa",PubliÃ© : 10 Avr 2025 Ã ,actu cameroun,https://actucameroun.com/2025/04/10/cloture-de-la-premiere-session-ordinaire-de-lannee-legislative-discours-du-president-marcel-niat-njifendji/,ThÃ¨me non disponible
"Mort en dÃ©cembre 2024,  les obsÃ¨ques du  chef BabonÃ© auront lieu le 19 avril 2025","Accueil Â» Politique Â» Mort en dÃ©cembre 2024, les obsÃ¨ques du chef BabonÃ© auront lieu le 19 avril 2025
Dans le texte qui va suivre, le journaliste camerounais Wiliam Tchango vante les 36 ans de rÃ¨gne de ce monarque qui a marquÃ© de son temps, notamment, avec Â plusieurs rÃ©alisations pour son peuple.
Le Chef BabonÃ© que jâ€™ai connu
Sa MajestÃ© Tchualieu II Fansi ThÃ©odore avait des qualitÃ©s humaines exceptionnelles.Â  Jâ€™ai eu le privilÃ¨ge de le cotoyer Ã  plusieurs moments de mon parcours, non sans Ãªtre marquÃ© Ã  chaque fois par lâ€™amour incommensurable quâ€™il manifestait pour le village dont il avait la lourde charge de diriger mais aussi pour tous ses filles et fils Ã  travers le monde.
Lâ€™unitÃ©,Â  lâ€™Ã©panouissement et le rayonnement des filles et fils BabonÃ© valaient plus que tout Ã  ses yeux et il ne mÃ©nageait aucun effort pour impulser et/ou soutenir toute initiative allant dans le sens de la promotion du DÃ©veloppement et de laÂ Â  visibilitÃ© de son royaume.
Le projet du Festival culturel Ntee-Ntukwa quâ€™il avait pensÃ© et rÃ©alisÃ© la premiÃ¨re Ã©dition avec le concours de tous les babonÃ©s Ã  travers le monde en 2017, est lâ€™un des symboles marquants de cetteÂ  dynamique nouvelle qui lui tenait Ã  cÅ“ur.
Les nombreux challenges,Â  batailles et combats justifiÃ©s ou non qui auront rythmÃ© ses 36 annÃ©es de rÃ¨gne ne lui ont assurÃ©ment pas rendu lâ€™exercice aisÃ©. Les enseignements nombreux et la sagesse quâ€™il a tirÃ©s de ces tribulations lui ont permis, avant son dÃ©part pour le moins inattendu,Â  de poser les bases dâ€™une rÃ©conciliation profonde et durable entre ses enfants rÃ©partis Ã  travers la PlanÃ¨te.
Comme tout Ãªtre humain,Â  il avait aussi des dÃ©fauts. Dâ€™ailleurs,Â  il nâ€™avait jamais voulu se faire passer pour un Saint. Mais il savait,Â  avec une humilitÃ© plutÃ´t rare chez les monarques, reconnaitre ses erreurs, ses fautes et solliciter le pardon.
Il est clair que la douleur de son dÃ©part ne sâ€™estompera pas de sitÃ´t. Mais il serait important, pour honorer et cÃ©lÃ©brer sa mÃ©moire, de rÃ©server un accueil des plus chaleureux et dignesÂ  Ã  celui quâ€™il aura choisi pour continuer son Å“uvre-il sera connu Ã  lâ€™issue de ses obsÃ¨ques prÃ©vuesÂ  le samedi 19 avril 2025, de le protÃ©ger et de lâ€™accompagner de maniÃ¨re honnÃªte, sincÃ¨re et dÃ©sintÃ©ressÃ©e.
Votre adresse e-mail ne sera pas publiÃ©e. Les champs obligatoires sont indiquÃ©s avec *
Adresse de messagerie *
Je veux me inscrire Ã  la Newsletter!
Recevez dÃ©sormais tous les jours, l'essentiel de l'actualitÃ© camerounaise et africaine dans votre boÃ®te mail.",10 Avr 2025,actu cameroun,https://actucameroun.com/2025/04/10/mort-en-decembre-2024-les-obseques-du-chef-babone-auront-lieu-le-19-avril-2025/,ThÃ¨me non disponible
Affaire Diane Yangwo : Shanda Tonme exprime sa colÃ¨re au juge Medou Dany Lâ€™OR,"Accueil Â» Politique Â» Affaire Diane Yangwo : Shanda Tonme exprime sa colÃ¨re au juge Medou Dany Lâ€™OR
A Mme MEDOU DANY Lâ€™OR
Juge au tribunal de grande instance du Wouri
EN MEMOIRE DE DIANE YANGWO
Femme, mÃ¨re de famille, citoyenne et victime sacrificielle
de trop dâ€™une perversion judiciaire qui nâ€™a fait que profaner sa sÃ©pulture
Certaines larmes ne cessent jamais, certains crimes ne sâ€™oublient jamais, certains criminels ne passent jamais inaperÃ§us, et certains cris finissent toujours par Ãªtre entendus, conduisant des gens sales et infectes pour la sociÃ©tÃ© Ã  rendre compte, Ã  subir enfin les punitions divines trop longtemps retardÃ©es ou Ã©touffÃ©es. Un homme assassine la mÃ¨re de ses enfants, la fille dâ€™autrui, et il est laissÃ© libre. Câ€™est quoi Ã§aÂ ?
Ce qui caractÃ©rise dorÃ©navant notre sociÃ©tÃ©, câ€™est le sentiment dâ€™une profonde impunitÃ©, secrÃ©tÃ©e non pas par de pauvres et insaisissables maigrichons de vandales baptisÃ©s microbes, mais dâ€™avantage par des gens bien dâ€™en haut, de la classe des respectÃ©s et respectables, en col blanc ou en toge, en robe ou en costume noir, Ã©talant avec ostentation, leurs privilÃ¨ges, pouvoirs et prÃ©rogatives sataniques.
Quoi quâ€™il advienne aprÃ¨s, et quoi que vous en pensez, je veux donner de la voix, Ã©lever le ton, transgresser certaines limites de lâ€™outrage, pour vous exprimer ma suprÃªme colÃ¨re. A ceux qui sâ€™interrogent sur votre fÃ©minitÃ©, votre statut dâ€™Ãªtre humain, votre sens du devoir, de lâ€™Ã©thique et de la morale, je voudrais dire un seul motÂ : patience, le diable existe et il a un visage dâ€™ange, il est parmi nous, partout.
Je ne vous accuserai pas dâ€™avoir tuÃ© une femme, une mÃ¨re de famille, une compatriote et un Ãªtre humain qui aspirait Ã  vivre en paix dans une famille avec mari et enfants. Je ne vous traiterai pas de diable, de criminelle, de magistrat insensÃ©e ou encore de sorciÃ¨re, mais je ne vous dÃ©fendrai pas si dâ€™autres le font. Vous avez brisÃ© tant de cÅ“urs, souillÃ© tant dâ€™espoirs et trahi la profession, compromis lâ€™image du systÃ¨me judiciaire, vandalisÃ© les canons du droit. Câ€™est une grave effraction contre lâ€™Ã©thique et lâ€™humanitÃ©, contre votre quiÃ©tude et le destin de votre famille, contre la rÃ©publique. La haute trahison nâ€™est jamais loin, et les sentences cruelles qui illuminent et Ã©clairent les souillures qui se cachent sous la robe de certains magistrats, nâ€™ont point besoin dâ€™alerte ni de tambours pour rÃ©vÃ©ler lâ€™identitÃ© des mains ensanglantÃ©es, des plumes malÃ©fiques et des mÃ©chancetÃ©s cousues de mille haines, de corruptions et de trahisons.
Demain câ€™est bientÃ´t, et aprÃ¨s-demain câ€™est au bout de la nuit et de la rue. Nul nâ€™Ã©chappera Ã  la sentence des vengeurs, et nul ne mÃ©connaÃ®tra son bilan, tant les tribunaux populaires que nous travaillons Ã  Ã©viter, seront sans aucune pitiÃ©. Parce que vous avez dÃ©cidÃ© de tuer une deuxiÃ¨me fois Diane Yangwo, je vous fais le salut des fascistes, en vous dÃ©cernant la palme de lâ€™insouciance, de la provocation, de lâ€™humiliation et de lâ€™injure de lâ€™ensemble Ã  lâ€™endroit de la sociÃ©tÃ©, dans votre ardeur Ã  profaner la mÃ©moire de votre sÅ“ur.
Mais au plus profond, il restera les interrogations lancinantesÂ : pourquoi sommes-nous devenus si mÃ©chants et si irresponsablesÂ ? Pourquoi aspirons-nous de plus en plus, Ã  donner une image dâ€™anarchie Ã  notre pays et Ã  secrÃ©ter partout des injusticesÂ ? Quand de la hauteur de vos responsabilitÃ©s et sous les secrets de votre robe noire, votre toge, vous faites ce que vous avez fait, que reste-il vÃ©ritablement de la rÃ©publique, de lâ€™Etat, des institutions, de lâ€™humanitÃ© tout court au CamerounÂ ? Il mâ€™est revenu que vous nâ€™avez aucun remords, mais jâ€™assume en vous disant, que demain et aprÃ¨s-demain, seront des riviÃ¨res de remords. A tous ceux qui comme vous, ont fait le choix de lâ€™anarchie, de la corruption et du dÃ©sordre, je nâ€™ai quâ€™un seul messageÂ : Je vous pardonne, car câ€™est le diable qui a guidÃ© vos actes et qui guide vos pas.
Puisse la mÃ©moire de Diane Yangwo ainsi que celles de toutes les autres, les martyrs de son genre, reposer en paix.
Nâ€™ayez crainte de rien, ce sont votre Ãªtre, votre genre, votre caractÃ¨re et votre espÃ¨ce qui sont en vedette. Je respecte tout cela, et vous prÃ©sente mes excuses par anticipation, si vous avez ressenti de lâ€™offense dans mes propos. Je nâ€™ai fait que parler mon cÅ“ur. Le Cameroun est Ã  construire et non Ã  dÃ©truire, nous conseille le prÃ©sident Paul Biya, mais jâ€™ai la ferme conviction que vous, vous la dÃ©truisez, sciemment.
Avec ma fraternelle et sincÃ¨re considÃ©ration./.
YaoundÃ©, le 10 Avril 2025
voila le cameroun que paul biya veux nous laisser
Votre adresse e-mail ne sera pas publiÃ©e. Les champs obligatoires sont indiquÃ©s avec *
Adresse de messagerie *
Je veux me inscrire Ã  la Newsletter!
Recevez dÃ©sormais tous les jours, l'essentiel de l'actualitÃ© camerounaise et africaine dans votre boÃ®te mail.",10 Avr 2025,actu cameroun,https://actucameroun.com/2025/04/10/affaire-diane-yangwo-shanda-tonme-exprime-sa-colere-au-juge-medou-dany-lor/,ThÃ¨me non disponible
Paul Biya : Â«Â notre RÃ©publique est une et indivisibleÂ Â»,"Accueil Â» Politique Â» Paul Biya : Â«Â notre RÃ©publique est une et indivisibleÂ Â»
Depuis quelques semaines, Paul Biya a lancÃ© une communication intensive sur les rÃ©seaux sociaux. Lâ€™actuel locataire dâ€™Etoudi multiplie des messages dâ€™appel Ã  lâ€™unitÃ© des Camerounais. Ce jeudi, le prÃ©sident de la RÃ©publique rappelle que le Cameroun est un et indivisible.
Â«Â La nation camerounaise, telle que je la conÃ§ois et que je lâ€™incarne, est et demeure au carrefour de lâ€™un et du multiple : notre RÃ©publique est une et indivisibleÂ Â», Ã©crit Paul Biya.
AppelÃ© par les militants du Rassemblement dÃ©mocratique du peuple camerounais (RDPC) Ã  se prÃ©senter Ã  la prÃ©sidentielle de 2025, Paul Biya entretient toujours le flou sur sa dÃ©cision. Alors que la pression militante sâ€™accentue Ã  lâ€™approche de ce scrutin crucial pour lâ€™avenir du Cameroun, le Chef de lâ€™Etat a fait une sortie le 1er avril dernier, qui laisse libre champ Ã  lâ€™interprÃ©tation.
Â«Â Notre action constante a consistÃ© et consiste surmonter les divisions artificielles crÃ©Ã©es par la colonisation, Ã  dÃ©coloniser les mentalitÃ©s, Ã  transcender le passÃ© colonial pour construire et consolider, avec les Camerounais et pour les Camerounais, le Cameroun qui va debout et jaloux de sa libertÃ©Â«Â , a Ã©crit le prÃ©sident Biya.
Une sortie qui selon certains, est une entrÃ©e en campagne, et qui confirme par ailleurs, lâ€™ambition de Paul Biya de briguer un nouveau mandat Ã  la tÃªte du Cameroun, pays quâ€™il dirige depuis plus de quatre dÃ©cennies. Ã€ 92 ans, Biya est le candidat naturel du parti au pouvoir Ã  cette Ã©lection.
LÃ‚CHE-NOUS!!  VAS-T-EN, CRÃŠVE!!!!
Le CAMEROUN berceau de nos ancÃªtres comme lâ€™a ci bien dit notre Cher et Grand PrÃ©sident de la RÃ©publique du Cameroun S.E PAUL BIYA est et restera indicible et personne ne le ferais et ne le pourrait.. Que la France et tous ces alliÃ©s prennent du reculeâ€¦ Nous ne voulons plus ces soient disant colons et leur colonies franÃ§aises d Afrique comme monnaieâ€¦ Fini le dogmatismeâ€¦Abat le colonialismeâ€¦ Moi personnellement je soutiens le mon PrÃ©sident SE PAUL BIYA car sa vision et ses choix sont miennesâ€¦.
Humour camerounais ğŸ¤£ğŸ¤£ğŸ¤£ğŸ¤£ğŸ¤£
Je croirais Ã  ce fainÃ©ant et paresseux beti â€“ bulu de biya paul le jour oÃ¹ il mettra ses pieds mabongo au NoSo.
Le pauvre mabongo beti â€“ bulu avec ses deux pieds gauches!
Les Camerounais veulent un prÃ©sident qui visite ses grands chantiers comme le Stade dâ€™OlembÃ© ou lâ€™autoroute YdÃ© â€“ Dla personnellement et rÃ©guliÃ¨rement comme ailleurs et non un prÃ©sident fainÃ©ant et paresseux qui construit 60 km de lâ€™autoroute YdÃ© â€“ Dla en 12 ans.
Les Camerounais veulent un prÃ©sident qui visite le Cameroun profond plusieurs fois par an et non un cancre mabongo beti â€“ bulu qui visite une seule rÃ©gion du pays quâ€™il dirige en 10 ans, juste pour une campagne Ã©lectorale de 7 minutes.
Les Camerounais ne veulent plus dâ€™un prÃ©sident beti â€“ bulu tchop broke pot qui nâ€™assiste Ã  aucun sommets des Chefs dâ€™Ã©tats Africains comme le font systÃ©matiquement tous les prÃ©sidents.
Les Camerounais veulent un prÃ©sident qui prÃ©side les conseils des ministres comme partout ailleurs et non un idiot beti â€“ bulu qui ne connaÃ®t mÃªme pas ses ministres.
Repose en paix biya paul
Ã‡a câ€™est votre politique M. Le prÃ©sident.  DÃ¨s que vous partez,  nous allons diviser cet assemblage hÃ©tÃ©roclite et mal attifÃ©. Nous en avons marre.
Votre adresse e-mail ne sera pas publiÃ©e. Les champs obligatoires sont indiquÃ©s avec *
Adresse de messagerie *
Je veux me inscrire Ã  la Newsletter!
Recevez dÃ©sormais tous les jours, l'essentiel de l'actualitÃ© camerounaise et africaine dans votre boÃ®te mail.",10 Avr 2025,actu cameroun,https://actucameroun.com/2025/04/10/paul-biya-notre-republique-est-une-et-indivisible/,ThÃ¨me non disponible
Niger: Franklin Nyamsi reÃ§u par le gÃ©nÃ©ral Tiani,"Accueil Â» Politique Â» Niger: Franklin Nyamsi reÃ§u par le gÃ©nÃ©ral Tiani
Franklin Nyamsi est de retour Ã  Niamey. A la tÃªte dâ€™une importante dÃ©lÃ©gation de lâ€™Institut de lâ€™Afrique des LibertÃ©s basÃ© Ã  Bamako au Mali, Dr. Franklin Nyamsi a Ã©tÃ© reÃ§u par le prÃ©sident nigÃ©rien, le gÃ©nÃ©ral Abdourahamane Tiani. Si aucun dÃ©tail nâ€™a filtrÃ© sur les dessous des discussions, lâ€™universitaire a saluÃ© un Â«Â grand moment de rÃ©flexions et de convergences au service de la libÃ©ration et de la souverainetÃ© africaineÂ Â».
Franklin Nyamsi a remis au Chef de lâ€™Etat nigÃ©rien un exemplaire de lâ€™ouvrage Â«Â Lâ€™IMPÃ‰RIAL TERRORISMEÂ Â», dÃ©diÃ© aux Chefs dâ€™Etat de lâ€™AES. Ce fervent dÃ©fenseur de la cause souverainiste des pays de lâ€™AES et du panafricanisme animera ce jeudi Ã  lâ€™espace Mahatma Gandhi de Niamey, une confÃ©rence dÃ©dicace de son nouvel ouvrage.
Ce nâ€™est pas la premiÃ¨re fois que le Franco-camerounais a Ã©tÃ© reÃ§u en audience au Niger. Il avait Ã©changÃ© Ã  maintes reprises avec le gÃ©nÃ©ral Tiani depuis la prise de pouvoir de lâ€™armÃ©e nigÃ©rien suite au coup dâ€™Etat contre Mohamed Bazoum en juillet 2023.
Voila un vraie camerounais Panafricaniste , qui travail pour le devenir de notre continent , pas ceux la qui passent leur temps a agresser les diplomates e n France , je veux parler de la BAS-MRC.
Nyamsi, la bonne charitÃ© commence par soi-mÃªme. Tu as fais quoi pour le Cameroun ? Nous voici en pleine prÃ©paration des Ã©lections cette 2025, mais tu es plutÃ´t au Sahel. Tu vas changer lâ€™Afrique sans changer ton pays natal le Cameroun ?
Partisant de KAMTO pourquoi vous nâ€™empecher pas vos enfants dâ€™aller au CANADA si la bonne charite commence par soit meme??
Il est libre de sâ€™installer la ou bon lui sembleâ€¦â€¦
votre bonne charite ne sâ€™applique quâ€™au autre, lorsque le faux journaliste dâ€™equinoxe vont en occident , vous ne dites rienâ€¦â€¦.bande de salopards
Ce nâ€™est pas lui qui a changÃ© ces pays. Cest leur peuple. Ce peuple nâ€™est pas composÃ©  dâ€™amorphes et de sardinards comme les camerounais. Nyamsi les soutient tout simplement sans leur combat.
Surtout pas de traitre Merci Mama qui baise avec leur genitrice pour devenir riche
Câ€™est le KAMEROUN qui gagne.
Encore un autre clown chez les apprentis sorciers. aprÃ¨s le passage de lâ€™aboyeuse Yamb, et de lÂ Â»Ã©tourdi Kemi,  le thÃ©Ã¢tre peut continuer.
A dire que ces trois clowns pensent reprÃ©senter lâ€™intellingencia africaine. Panafricons , sÃ»r ils le sont.
Cet homme est stupide.
Votre adresse e-mail ne sera pas publiÃ©e. Les champs obligatoires sont indiquÃ©s avec *
Adresse de messagerie *
Je veux me inscrire Ã  la Newsletter!
Recevez dÃ©sormais tous les jours, l'essentiel de l'actualitÃ© camerounaise et africaine dans votre boÃ®te mail.",PubliÃ© : 10 Avr 2025 Ã ,actu cameroun,https://actucameroun.com/2025/04/10/niger-franklin-nyamsi-recu-en-audience-par-le-general-tiani/,ThÃ¨me non disponible
Vincent SosthÃ¨ne Fouda rÃ©vÃ¨le les coulisses dâ€™un projet politique autour de Marafa,"Accueil Â» Politique Â» Vincent SosthÃ¨ne Fouda rÃ©vÃ¨le les coulisses dâ€™un projet politique autour de Marafa
Â«Â Alain FoguÃ© que jâ€™ai rencontrÃ© dans une radio de la place, devint un visiteur du soir Ã  mon domicile. Deux Ã  trois fois par semaine il venait me voir et nous prenions notre repas ensemble.
Câ€™est ainsi quâ€™il me dit quâ€™il avait parcouru beaucoup de villes du Cameroun et que les populations Ã©taient favorables Ã  Marafa.
Alain FoguÃ© Ã©tait dÃ©jÃ  Ã  la tÃªte dâ€™un parti politique et voulait le transformer en lui trouvant une autre dÃ©nomination. Au fil des visites, il introduisit monsieur Emmanuel Okala EbodÃ© quâ€™il me prÃ©senta comme Ã©tant son beau-frÃ¨re. Il arrivait dâ€™ailleurs que les deux se mettent Ã  parler Eton.
Dans nos Ã©changes, je lui dis que le pays ewondo aura des difficultÃ©s Ã  soutenir la candidature du ministre dâ€™Etat Marafa Amidou Yaya car il restait pas mal de choses Ã  solder.
Un jour je reÃ§u le coup de fil du professeur Ekwala Dibotti qui me dit Ãªtre porteur dâ€™un message du ministre dâ€™Etat Marafa dont il est le beau-frÃ¨re (Marafa ayant Ã©pousÃ© sa soeur). Le professeur Ekwalla vint donc Ã  YaoundÃ© plusieurs fois me rencontrer et surtout me livrer la teneur du message du ministre dâ€™Ã‰tat.
Le prof. EKWALLA DIBOTTI Ã©tait un homme Ã©lÃ©gant et reservÃ© avec lequel jâ€™avais beaucoup de plaisir Ã  Ã©changer.
Jâ€™ai eu le temps de cerner le projet qui mâ€™Ã©tait soumis et dâ€™en discuter avec les miens. Pour FoguÃ© le Ministre dâ€™Ã‰tat Marafa ne devait pas sÃ©journer pour longtemps en prisonâ€¦ mais les choses se sont passÃ©es autrement. Câ€™est ainsi quâ€™un second couteaux fut introduit dans lâ€™Ã©quation. Il avait Ã©tÃ© membre du jury de sa thÃ¨se et lâ€™avait recrutÃ© Ã  lâ€™universitÃ©Â Â».
je lui dis que le pays ewondo aura des difficultÃ©s Ã  soutenir la candidature du ministre dâ€™Etat Marafa Amidou Yaya car il restait pas mal de choses Ã  solder.
il ne pourra aller faire campagne dans le sud, cette rÃ©gion est le socle granitique RDPICE.
Donc aprÃ¨s le roi fainÃ©ant ce sera le dÃ©luge, comme aprÃ¨s les mubutu, les bokassa tout sâ€™est arrÃªtÃ©
vraiment, voila un soi disant intellectuel, lâ€™argument Ã©voquÃ© pour ne pas soutenir un candidat dâ€™une autre rÃ©gion
SUR LE COUP, JE SUIS Dâ€™ACCORD AVEC TOI. IL Y A PAS MAL DE FUMISTES QUI SE DISENT HOMMES POLITIQUES ET INTELLECTUELS!!
DES SORCIERS!! AprÃ¨s PAul BIYA, le Cameroun va continuer dâ€™exister bien mÃªme!!!
Votre adresse e-mail ne sera pas publiÃ©e. Les champs obligatoires sont indiquÃ©s avec *
Adresse de messagerie *
Je veux me inscrire Ã  la Newsletter!
Recevez dÃ©sormais tous les jours, l'essentiel de l'actualitÃ© camerounaise et africaine dans votre boÃ®te mail.",10 Avr 2025,actu cameroun,https://actucameroun.com/2025/04/10/vincent-sosthene-fouda-revele-les-coulisses-dun-projet-politique-autour-de-marafa/,ThÃ¨me non disponible
La jeunesse de la Sanaga maritime jure fidÃ©litÃ© Ã  Jean Ernest Massena Ngalle Bibehe et son candidat Paul Biya,"Accueil Â» Politique Â» La jeunesse de la Sanaga maritime jure fidÃ©litÃ© Ã  Jean Ernest Massena Ngalle Bibehe et son candidat Paul Biya
Cette forte conviction a Ã©tÃ© rÃ©affirmÃ©e par la jeunesse de la Sanaga Maritime au cours dâ€™une audience, ce mercredi 9 avril 2025. Cela a Ã©tÃ© lâ€™occasion pour cette jeunesse engagÃ©e Â«Â derriÃ¨re son patron politique Jean Ernest Massena NgallÃ© Bibehe et son candidat naturel Paul BiyaÂ Â» de dÃ©montrer sa mobilisation.
La dÃ©lÃ©gation Ã©tait forte des membres des sections OJRDPC de la Sanaga-maritime et des organisations politiques pilotÃ©es par le Conseil National de la Jeunesse.
Â«Â Cette rencontre fait suite Ã  la double nomination du Ministre des Transports comme Membre titulaire du ComitÃ© Central et Chef de la DÃ©lÃ©gation Permanente DÃ©partementale du ComitÃ© central du RDPC dans la Sanaga Maritime. Cette visite de courtoisie avait pour objectif de remercier le PrÃ©sident de la RÃ©publique, PrÃ©sident national du Rassemblement DÃ©mocratique du Peuple Camerounais (RDPC), Son Excellence Monsieur Paul BIYA, et fÃ©liciter le Ministre Jean Ernest MassÃ©na NGALLE BIBEHE pour cette promotion au sein dudit parti politique. Cette rencontre empreinte de convivialitÃ© et de rÃ©jouissance, a connu la prÃ©sence du PrÃ©sident national de Lâ€™OJRDPC, du membre du Bureau National de lâ€™OJRDPC, des prÃ©sidents de section de Lâ€™OJRDPC de la Sanaga Maritime, du PrÃ©sident du Conseil National de la Jeunesse pour la Sanaga et des jeunes parlementaires dudit dÃ©partementÂ Â», apprend-on.
Lâ€™audience avec le ministre des Transports a Ã©tÃ© marquÃ©e par des Ã©changes empreints de courtoisie au cours desquels la dÃ©lÃ©gation a adressÃ© ses chaleureuses fÃ©licitations au MINT pour cette double distinction qui fait lâ€™unanimitÃ© au sein de la classe politique.
Les membres de la dÃ©lÃ©gation ont ainsi tÃ©moignÃ© de leur soutien indÃ©fectible Ã  son engagement politique et institutionnel en faveur de la jeunesse en particulier. La jeunesse de la Sanaga maritime a aussi adressÃ© ses remerciements au Chef de lâ€™Ã‰tat, Son Excellence Monsieur PAUL BIYA, PrÃ©sident de la RÃ©publique et PrÃ©sident National du RDPC pour la confiance renouvelÃ©e envers le MINT, qui devient ainsi le patron politique de ce dÃ©partement.
Ces jeunes fortement mobilisÃ©s ont exprimÃ© leurs vÅ“ux ardents Â«Â de voir le PrÃ©sident Paul BIYA se prÃ©senter comme candidat aux prochaines Ã©lections prÃ©sidentielles prÃ©vues en octobre 2025, rÃ©affirmant ainsi leur engagement et leur fidÃ©litÃ© aux idÃ©aux du renouveau en promettant une pleine victoire Ã  leur Champion.Â Â»
De son cÃ´tÃ©, le ministre Jean Ernest Massena NgallÃ© Bibehe Â«Â a exprimÃ© sa profonde gratitude pour ces marques de soutien et a encouragÃ© la jeunesse Ã  demeurer mobilisÃ©e et engagÃ©e dans la vie politique nationale. Il a soulignÃ© lâ€™importance de leur participation active aux prochaines Ã©chÃ©ances Ã©lectorales, en vue de contribuer au dÃ©veloppement continu du Cameroun sous la conduite Ã©clairÃ©e du PrÃ©sident PAUL BIYA. Une sÃ©rie de meeting sera dâ€™ailleurs organisÃ©e dÃ¨s le vendredi 11 avril 2025 par les onze (11) sections RDPC que compte le dÃ©partement de la Sanaga maritime en prÃ©lude au mÃ©ga meeting de remerciement prÃ©vu aprÃ¨s lâ€™installation des membres rÃ©cemment nommÃ©s au sein du RDPC.Â Â»
Lâ€™audience a pris fin aprÃ¨s la lecture par la dÃ©lÃ©gation de jeunes dâ€™une lettre de remerciement Ã  lâ€™endroit du PrÃ©sident de la RÃ©publique.
Le RDPC de Paul Biya est rempli de menteurs.
En 43 ans, Paul Biya nâ€™a fait que mentir, voler, tuer et appauvrir le peuple.
Paul Biya nâ€™aime pas le Cameroun
Paul Biya dÃ©teste les Camerounais
La preuve, il fuit les rÃ©gions Anglophones, il fuit la rÃ©gion du Nord, il fuit le peuple.
Câ€™est un homme vaniteux, dÃ©sordonnÃ© et mauvais pour lâ€™avenir du Cameroun.
Un vote contre le RDPC est un vote trÃ¨s utile pour un meilleur avenir
Un meilleur avenir pour le Cameroun.
1. Je vote le MRC
2. Je vote pour lâ€™avenir du Cameroun
3. Je vote pour lâ€™Ã©volution du Cameroun
4. Je vote le MRC
Votre adresse e-mail ne sera pas publiÃ©e. Les champs obligatoires sont indiquÃ©s avec *
Adresse de messagerie *
Je veux me inscrire Ã  la Newsletter!
Recevez dÃ©sormais tous les jours, l'essentiel de l'actualitÃ© camerounaise et africaine dans votre boÃ®te mail.",10 Avr 2025,actu cameroun,https://actucameroun.com/2025/04/10/la-jeunesse-de-la-sanaga-maritime-jure-fidelite-a-jean-ernest-massena-ngalle-bibehe-et-son-candidat-paul-biya/,ThÃ¨me non disponible
Cavaye YÃ©guiÃ© Djibril annonce le baptÃªme du Â« Palais de Verre Paul Biya Â» pour le 25 avril prochain,"Accueil Â» Politique Â» Cavaye YÃ©guiÃ© Djibril annonce le baptÃªme du Â« Palais de Verre Paul Biya Â» pour le 25 avril prochain
Le rendez-vous est fixÃ© pour le 25 avril prochain. Lâ€™infrastructure, fruit de la coopÃ©ration sino-camerounaise et qui porte le nom du prÃ©sident Paul Biya va officiellement Ãªtre baptisÃ©.
Â«Â (â€¦) Il me plait dâ€™informer la ReprÃ©sentation Nationale et lâ€™opinion, quâ€™aprÃ¨s la cÃ©rÃ©monie dâ€™inauguration le 30 novembre 2024, lâ€™AssemblÃ©e Nationale organise le 25 avril prochain, la cÃ©rÃ©monie de baptÃªme du Â« Palais de Verre Paul Biya Â»Â Â», a annoncÃ© Cavaye YÃ©guiÃ© Djibril lors de son discours.
Le prÃ©sident de lâ€™AssemblÃ©e nationale compte faire de cette cÃ©rÃ©monie de baptÃªme un Ã©vÃ¨nement sans distinction de partis politiques.
Â«Â Cette cÃ©rÃ©monie nous interpelle, surtout nous les reprÃ©sentants du peuple et sans distinction de chapelle politique. Il me plait Ã©galement dâ€™annoncer que dans le processus de gestion du nouvel Ã©difice et dâ€™autres, jâ€™ai crÃ©e au sein de mon cabinet une direction des Palais avec pour mission de veiller Ã  la maintenance de ce complexe. Ceci nous interpelle Ã©galement tous car, Ã©lus, personnels et usagers nous devons tout faire afin dâ€™Ã©viter quelque dÃ©gradation que ce soit du Palais de verre PAUL BIYAÂ Â», a indiquÃ© Cavaye YÃ©guiÃ© Djibril.
Ce sont sur ces mots et ce rendez-vous fixÃ© que le prÃ©sident Cavaye YÃ©guiÃ© Djibril a officiellement clÃ´turÃ© la premiÃ¨re session ordinaire de notre Chambre pour lâ€™annÃ©e lÃ©gislative 2025.
TOUT CA SERA CHANGE APRES LE 25 OCTOBRE PAUL BIYA QUI A RUINE LE CAMEROUN NE MERITE RIEN DE CE GENRE
Le RDPC de Paul Biya est rempli de menteurs.
En 43 ans, Paul Biya nâ€™a fait que mentir, voler, tuer et appauvrir le peuple.
Paul Biya nâ€™aime pas le Cameroun
Paul Biya dÃ©teste les Camerounais
La preuve, il fuit les rÃ©gions Anglophones, il fuit la rÃ©gion du Nord, il fuit le peuple.
Câ€™est un homme vaniteux, dÃ©sordonnÃ© et mauvais pour lâ€™avenir du Cameroun.
Un vote contre le RDPC est un vote trÃ¨s utile pour un meilleur avenir
Un meilleur avenir pour le Cameroun.
1. Je vote le MRC
2. Je vote pour lâ€™avenir du Cameroun
3. Je vote pour lâ€™Ã©volution du Cameroun
4. Je vote le MRC
Votre adresse e-mail ne sera pas publiÃ©e. Les champs obligatoires sont indiquÃ©s avec *
Adresse de messagerie *
Je veux me inscrire Ã  la Newsletter!
Recevez dÃ©sormais tous les jours, l'essentiel de l'actualitÃ© camerounaise et africaine dans votre boÃ®te mail.",10 Avr 2025,actu cameroun,https://actucameroun.com/2025/04/10/cavaye-yeguie-djibril-annonce-le-bapteme-du-palais-de-verre-paul-biya-pour-le-25-avril-prochain/,ThÃ¨me non disponible
Vincent SosthÃ¨ne Fouda explique comment le Mrc a Ã©tÃ© crÃ©Ã© pour servir de porte Ã©tendard Ã  Marafa,"Accueil Â» Politique Â» Vincent SosthÃ¨ne Fouda explique comment le Mrc a Ã©tÃ© crÃ©Ã© pour servir de porte Ã©tendard Ã  Marafa
En 2012, le MRC fut crÃ©Ã© pour servir de rampe de lancement au ministre dâ€™Ã‰tat Marafa Amidou Yaya. Jâ€™ai Ã  cette occasion reÃ§u Ã  plusieurs reprises Alain FoguÃ© et le prof Diboti beau-frÃ¨re du ministre dâ€™Ã‰tat.
Alain FoguÃ© que jâ€™ai rencontrÃ© dans une radio de la place, devint un visiteur du soir Ã  mon domicile. Deux Ã  trois fois par semaine il venait me voir et nous prenions notre repas ensemble.
Câ€™est ainsi quâ€™il me dit quâ€™il avait parcouru beaucoup de villes du Cameroun et que les populations Ã©taient favorables Ã Â  Marafa. Alain FoguÃ© Ã©tait dÃ©jÃ  Ã  la tÃªte dâ€™un parti politique et voulait le transformer en lui trouvant une autre dÃ©nomination. Au fil des visites, il introduisit monsieur Emmanuel Okala EbodÃ© quâ€™il me prÃ©senta comme Ã©tant son beau-frÃ¨re. Il arrivait dâ€™ailleurs que les deux se mettent Ã  parler Eton.
Dans nos Ã©changes, je lui dis que le pays ewondo aura des difficultÃ©s Ã  soutenir la candidature du ministre dâ€™Etat Marafa Amidou Yaya car il restait pas mal de choses Ã  solder.
Un jour je reÃ§u le coup de fil du professeur Ekwala Dibotti qui me dit Ãªtre porteur dâ€™un message du ministre dâ€™Etat Marafa dont il est le beau-frÃ¨re (Marafa ayant Ã©pousÃ© sa sÅ“ur). Le professeur Ekwalla vint donc Ã  YaoundÃ© plusieurs fois me rencontrer et surtout me livrer la teneur du message du ministre dâ€™Ã‰tat.
Le prof. EKWALLA DIBOTTI Ã©tait un homme Ã©lÃ©gant et rÃ©servÃ© avec lequel jâ€™avais beaucoup de plaisir Ã  Ã©changer. Jâ€™ai eu le temps de cerner le projet qui mâ€™Ã©tait soumis et dâ€™en discuter avec les miens. Pour FoguÃ© le Ministre dâ€™Ã‰tat Marafa ne devait pas sÃ©journer pour longtemps en prisonâ€¦ mais les choses se sont passÃ©es autrement. Câ€™est ainsi quâ€™un second couteau fut introduit dans lâ€™Ã©quation. Il avait Ã©tÃ© membre du jury de sa thÃ¨se et lâ€™avait recrutÃ© Ã  lâ€™universitÃ©.
Les chindas de Biya sont dehors pour essayer de grappiller du grain pour Biya, le grand bandit.
Le RDPC de Paul Biya est rempli de menteurs.
En 43 ans, Paul Biya nâ€™a fait que mentir, voler, tuer et appauvrir le peuple.
Paul Biya nâ€™aime pas le Cameroun
Paul Biya dÃ©teste les Camerounais
La preuve, il fuit les rÃ©gions Anglophones, il fuit la rÃ©gion du Nord, il fuit le peuple.
Câ€™est un homme vaniteux, dÃ©sordonnÃ© et mauvais pour lâ€™avenir du Cameroun.
Un vote contre le RDPC est un vote trÃ¨s utile pour un meilleur avenir
Un meilleur avenir pour le Cameroun.
1. Je vote le MRC
2. Je vote pour lâ€™avenir du Cameroun
3. Je vote pour lâ€™Ã©volution du Cameroun
4. Je vote le MRC
Si jâ€™ai compris tu as Ã©tÃ© sage de rester fidÃ¨le au RDPC.
Je vote pour le changement
Votre adresse e-mail ne sera pas publiÃ©e. Les champs obligatoires sont indiquÃ©s avec *
Adresse de messagerie *
Je veux me inscrire Ã  la Newsletter!
Recevez dÃ©sormais tous les jours, l'essentiel de l'actualitÃ© camerounaise et africaine dans votre boÃ®te mail.",10 Avr 2025,actu cameroun,https://actucameroun.com/2025/04/10/vincent-sosthene-fouda-explique-comment-le-mrc-a-ete-cree-pour-servir-de-porte-etendard-a-marafa/,ThÃ¨me non disponible
NgaoundÃ©rÃ© : tolÃ©rance zÃ©ro au dÃ©sordre pour la FÃªte du Travail 2025,"Accueil Â» Politique Â» NgaoundÃ©rÃ© : tolÃ©rance zÃ©ro au dÃ©sordre pour la FÃªte du Travail 2025
Au cours de la rÃ©union prÃ©paratoire de la 139e JournÃ©e internationale du travail qui a eu lieu ce mercredi Ã  NgaoundÃ©rÃ©, cette rÃ©solution a Ã©tÃ© prise suite Ã  la lecture dâ€™un rapport faisant Ã©tat de plusieurs dÃ©sordres enregistrÃ©s lors de la prÃ©cÃ©dente Ã©dition.
Selon la dÃ©lÃ©guÃ©e rÃ©gionale du Travail et de la SÃ©curitÃ© sociale, Ngo Djon Rose Mireille Ã©pouse Babari, les difficultÃ©s rencontrÃ©es comprenaient notamment lâ€™indiscipline Ã©tait observÃ©e dans lâ€™ordre de passage et le dÃ©faut dâ€™enregistrement. Il a Ã©tÃ© constatÃ© que certaines entreprises avaient refusÃ© de sâ€™enregistrer Ã  lâ€™avance. Cette situation avait engendrÃ© des perturbations.
Pour Ã©viter de retomber dans les mÃªmes travers cette annÃ©e, le SecrÃ©taire gÃ©nÃ©ral a assurÃ© quâ€™un train de dÃ©filÃ© sera remis aux forces de lâ€™ordre qui nâ€™hÃ©siteront pas Ã  recourir aux mesures coercitives pour garantir lâ€™ordre pendant la cÃ©lÃ©bration.
Il en sera de mÃªme pour ceux qui frÃ©quentent les dÃ©bits de boissons situÃ©s Ã  proximitÃ© de la place des fÃªtes et qui, aprÃ¨s avoir consommÃ© de lâ€™alcool, provoquent des troubles lors du dÃ©filÃ©. De tels comportements seront proscrits afin dâ€™Ã©viter tout dÃ©sordre en prÃ©sence du gouverneur, reprÃ©sentant lâ€™institution.
La 139e Ã©dition de la FÃªte Internationale du Travail aura lieu au Cameroun sur le thÃ¨me Â«Â Dialogue social et travail dÃ©cent pour un Cameroun sereinÂ Â».
Le RDPC de Paul Biya est rempli de menteurs.
En 43 ans, Paul Biya nâ€™a fait que mentir, voler, tuer et appauvrir le peuple.
Paul Biya nâ€™aime pas le Cameroun
Paul Biya dÃ©teste les Camerounais
La preuve, il fuit les rÃ©gions Anglophones, il fuit la rÃ©gion du Nord, il fuit le peuple.
Câ€™est un homme vaniteux, dÃ©sordonnÃ© et mauvais pour lâ€™avenir du Cameroun.
Un vote contre le RDPC est un vote trÃ¨s utile pour un meilleur avenir
Un meilleur avenir pour le Cameroun.
1. Je vote le MRC
2. Je vote pour lâ€™avenir du Cameroun
3. Je vote pour lâ€™Ã©volution du Cameroun
4. Je vote le MRC
Votre adresse e-mail ne sera pas publiÃ©e. Les champs obligatoires sont indiquÃ©s avec *
Adresse de messagerie *
Je veux me inscrire Ã  la Newsletter!
Recevez dÃ©sormais tous les jours, l'essentiel de l'actualitÃ© camerounaise et africaine dans votre boÃ®te mail.",9 Avr 2025,actu cameroun,https://actucameroun.com/2025/04/09/ngaoundere-tolerance-zero-au-desordre-pour-la-fete-du-travail-2025/,ThÃ¨me non disponible
Nomination de Monique Ouli Ndongo au Conseil constitutionnel : Nkongho Felix Agbor exprime ses inquiÃ©tudes,"Accueil Â» Politique Â» Nomination de Monique Ouli Ndongo au Conseil constitutionnel : Nkongho Felix Agbor exprime ses inquiÃ©tudes
Par dÃ©cret datÃ© du mardi 8 avril, le prÃ©sident Paul Biya a nommÃ© Monique Ouli Ndongo au Conseil constitutionnel. Elle est nommÃ©e pour un mandat de six ans, Ã©ventuel renouvelable une fois. Figure politique au Cameroun et membre titulaire Ã©lue du comitÃ© central du RDPC en 2011, Monique Ouli Ndongo a Ã©tÃ© sÃ©natrice du RDPC en 2013 et 2018.
La nomination de celle qui vient numÃ©riquement remplacer Emmanuel BondÃ©, dÃ©cÃ©dÃ© le 3 janvier Ã  YaoundÃ©, suscite des inquiÃ©tudes au sein de lâ€™opinion. Pour lâ€™avocat et dÃ©fenseur de droits humains, Nkongho Felix Agbor, cette nomination jette du discrÃ©dit sur la haute institution.
En tant que fervent dÃ©fenseur de la dÃ©mocratie, de la justice et de lâ€™Ã‰tat de droit au Cameroun, jâ€™exprime ma profonde prÃ©occupation concernant la nomination de Monique Ouli Ndango, membre du Rassemblement dÃ©mocratique du peuple camerounais (RDPC), au Conseil constitutionnel.
Le Conseil constitutionnel joue un rÃ´le essentiel dans le respect de la Constitution de notre pays, la garantie des droits des citoyens et lâ€™intÃ©gritÃ© de nos processus Ã©lectoraux. Cette institution exige les plus hautes normes dâ€™impartialitÃ© et dâ€™indÃ©pendance pour fonctionner efficacement et gagner la confiance du peuple camerounais.
Nommer une personnalitÃ© politiquement engagÃ©e Ã  un poste aussi crucial soulÃ¨ve de sÃ©rieuses questions quant Ã  la neutralitÃ© du Conseil et risque dâ€™Ã©roder la confiance du public dans nos institutions dÃ©mocratiques. Ã€ lâ€™heure oÃ¹ les Camerounais, en particulier nos jeunes et nos femmes, aspirent Ã  de vÃ©ritables rÃ©formes et Ã  une plus grande responsabilisation, cette dÃ©cision envoie un message erronÃ©.
Notre dÃ©mocratie a besoin dâ€™institutions libres de toute influence politique, guidÃ©es par lâ€™intÃ©gritÃ© et engagÃ©es au service de lâ€™intÃ©rÃªt gÃ©nÃ©ral.
Jâ€™appelle donc Ã  :
1. Des rÃ©formes institutionnelles urgentes pour prÃ©server lâ€™indÃ©pendance du Conseil constitutionnel. 2. Des processus de nomination transparents et fondÃ©s sur le mÃ©rite, privilÃ©giant la compÃ©tence Ã  lâ€™appartenance politique.
3. Un engagement national renouvelÃ© en faveur de lâ€™Ã‰tat de droit, du constitutionnalisme et de la sÃ©paration des pouvoirs.
Le Cameroun mÃ©rite des institutions qui reflÃ¨tent la volontÃ© du peuple, et non les intÃ©rÃªts dâ€™une Ã©lite politique. Nous devons continuer Ã  dÃ©fendre un systÃ¨me dÃ©mocratique oÃ¹ la justice prÃ©vaut et oÃ¹ chaque citoyen peut avoir confiance en lâ€™Ã©quitÃ© de nos processus.
Levons-nous pour dÃ©fendre lâ€™avenir de notre dÃ©mocratie.
Hahaha ils vont te dire quâ€™ils ne sont plus du parti.
Cette  fois-ci Ã§a sera madame Â«Â IRREVOCABLEÂ Â»
Peut-Ãªtre ce sera lÂ Â»Ã©lÃ©ment qui va faire dÃ©border le vase
On nomme les proches du RDPC pour tricher et flouter les Camerounais, nessa ?
Le RDPC de Paul Biya est rempli de menteurs. Câ€™est une mafia.
En 43 ans, Paul Biya nâ€™a fait que mentir, voler, tuer et appauvrir le peuple.
Paul Biya nâ€™aime pas le Cameroun
Paul Biya dÃ©teste les Camerounais
La preuve, il fuit les rÃ©gions Anglophones, il fuit la rÃ©gion du Nord, il fuit le peuple.
Câ€™est un homme vaniteux, dÃ©sordonnÃ© et mauvais pour lâ€™avenir du Cameroun.
Un vote contre le RDPC est un vote trÃ¨s utile pour un meilleur avenir
Un meilleur avenir pour le Cameroun.
1. Je vote le MRC
2. Je vote pour lâ€™avenir du Cameroun
3. Je vote pour lâ€™Ã©volution du Cameroun
4. Je vote le MRC
Moi je vote pour ne plus voir cet homme Ã©goiste.
A 93 ans , il ne veut mÃªme pas laisser sa place Ã  un jeune de son parti.
Votre adresse e-mail ne sera pas publiÃ©e. Les champs obligatoires sont indiquÃ©s avec *
Adresse de messagerie *
Je veux me inscrire Ã  la Newsletter!
Recevez dÃ©sormais tous les jours, l'essentiel de l'actualitÃ© camerounaise et africaine dans votre boÃ®te mail.",9 Avr 2025,actu cameroun,https://actucameroun.com/2025/04/09/nomination-de-monique-ouli-ndongo-au-conseil-constitutionnel-nkongho-felix-agbor-exprime-ses-inquietudes/,ThÃ¨me non disponible
