title,content,published,source,url,theme
Présidentielle 2025 au Cameroun : les grandes manœuvres ont commencé - VOA Afrique,"<a href=""https://news.google.com/rss/articles/CBMiwAFBVV95cUxPRHo2ZWJOc01HMkJ6TFRELUhQWG9FbFJzSngzT3A3N1ZLNmpRcUwxZGlNLS1iYkI0dUY3UHJweEppUmxOSFVhZ2FPeHVCUzFGZ2FleWd1M2tDQzBtYlhvbllsMXByT0FHSXR4Mi1HQklsZGNCSnEwai0xMXdLWHViaDBNemNhcExPamI3ZDVWR2Jqc3g1Qm9KN3ZrQlJqNEpoanN5Y3ZxVjg4SUpPaEtTcnp2OXVXa0JMU1lDZWx3UWfSAcMBQVVfeXFMTUJyUDdaS3lMeXJmZkc2WC02UE9TT2hqeXVwNkVQRWZPaGJwclhWVVN6TXJFX2tST3N0WUR6R0VteHBQcVN1T1dMcFFJaU9FMUFCb3FBVXEtWHVZQ3BTLU1DREs2X2toQndfZm9ONGRIVXZxY2hTbldtMTFFdnN3WnF4SFZaVWRtM1FEWXM2aDVlSmdnQnJ4MUJBbHFnc2R2d3dxdEM1S0ZQVHVkSXUxOVRCWTlwLWFnUjhnOHV4Q2YxMEIw?oc=5"" target=""_blank"">Présidentielle 2025 au Cameroun : les grandes manœuvres ont commencé</a>&nbsp;&nbsp;<font color=""#6f6f6f"">VOA Afrique</font>","Tue, 04 Feb 2025 08:00:00 GMT",VOA Afrique,https://news.google.com/rss/articles/CBMiwAFBVV95cUxPRHo2ZWJOc01HMkJ6TFRELUhQWG9FbFJzSngzT3A3N1ZLNmpRcUwxZGlNLS1iYkI0dUY3UHJweEppUmxOSFVhZ2FPeHVCUzFGZ2FleWd1M2tDQzBtYlhvbllsMXByT0FHSXR4Mi1HQklsZGNCSnEwai0xMXdLWHViaDBNemNhcExPamI3ZDVWR2Jqc3g1Qm9KN3ZrQlJqNEpoanN5Y3ZxVjg4SUpPaEtTcnp2OXVXa0JMU1lDZWx3UWfSAcMBQVVfeXFMTUJyUDdaS3lMeXJmZkc2WC02UE9TT2hqeXVwNkVQRWZPaGJwclhWVVN6TXJFX2tST3N0WUR6R0VteHBQcVN1T1dMcFFJaU9FMUFCb3FBVXEtWHVZQ3BTLU1DREs2X2toQndfZm9ONGRIVXZxY2hTbldtMTFFdnN3WnF4SFZaVWRtM1FEWXM2aDVlSmdnQnJ4MUJBbHFnc2R2d3dxdEM1S0ZQVHVkSXUxOVRCWTlwLWFnUjhnOHV4Q2YxMEIw?oc=5,politique
Présidentielle 2025 au Cameroun : L’Eglise Catholique tourne-t-elle le dos à Paul Biya ? - BBC,"<a href=""https://news.google.com/rss/articles/CBMiXkFVX3lxTE11dnJJVEhlbGtkSlZsd2lrN0JxT3lvZ3VkZTNhdnptZHlBUkNSNU9XR2UyTEM1QWhiQnVnN2Y1cm9pblYzdG92eVFzU0xnZ2JyNGFJUE1ZMGhVZDEyUUHSAWNBVV95cUxPLWg0bDA4OUp6WjJLSkstdHhqQ2xkTWtORWhtbGZtTXd3SjB6WGpHLUxIdkhrckllNjFvd2VQOWFrUndwaVFzWk1QT3BkMWFoTzRwU3B2ak1Wdk5HLU1wNEZrb2s?oc=5"" target=""_blank"">Présidentielle 2025 au Cameroun : L’Eglise Catholique tourne-t-elle le dos à Paul Biya ?</a>&nbsp;&nbsp;<font color=""#6f6f6f"">BBC</font>","Thu, 02 Jan 2025 08:00:00 GMT",BBC,https://news.google.com/rss/articles/CBMiXkFVX3lxTE11dnJJVEhlbGtkSlZsd2lrN0JxT3lvZ3VkZTNhdnptZHlBUkNSNU9XR2UyTEM1QWhiQnVnN2Y1cm9pblYzdG92eVFzU0xnZ2JyNGFJUE1ZMGhVZDEyUUHSAWNBVV95cUxPLWg0bDA4OUp6WjJLSkstdHhqQ2xkTWtORWhtbGZtTXd3SjB6WGpHLUxIdkhrckllNjFvd2VQOWFrUndwaVFzWk1QT3BkMWFoTzRwU3B2ak1Wdk5HLU1wNEZrb2s?oc=5,politique
"Cameroun : Présidentielle 2025, Joshua Osih investi candidat du SDF - Alwihda Info","<a href=""https://news.google.com/rss/articles/CBMiqAFBVV95cUxNNFhGMl9sMXI0bGJZcF9VT3VwNlVLTTd4QklJNG5oMS1Ic0M5M1ZMNEFiUF9XQlBMQU1lUlY0dUV5blVqblE2QnFTdVBhbzE2SlNXWkVkOWlrN0NqYkl4LXFpYU9XX0FIODJOWG5kNFYyQjc2Mm9xdVRzV3YyU1VCbU1tNnpaSVlIZDVmazVvS1BSWjBaVG1vaGlhUDZpa29ld19JZlFJMlM?oc=5"" target=""_blank"">Cameroun : Présidentielle 2025, Joshua Osih investi candidat du SDF</a>&nbsp;&nbsp;<font color=""#6f6f6f"">Alwihda Info</font>","Sun, 02 Mar 2025 08:00:00 GMT",Alwihda Info,https://news.google.com/rss/articles/CBMiqAFBVV95cUxNNFhGMl9sMXI0bGJZcF9VT3VwNlVLTTd4QklJNG5oMS1Ic0M5M1ZMNEFiUF9XQlBMQU1lUlY0dUV5blVqblE2QnFTdVBhbzE2SlNXWkVkOWlrN0NqYkl4LXFpYU9XX0FIODJOWG5kNFYyQjc2Mm9xdVRzV3YyU1VCbU1tNnpaSVlIZDVmazVvS1BSWjBaVG1vaGlhUDZpa29ld19JZlFJMlM?oc=5,politique
"PRESIDENTIELLE 2025 AU CAMEROUN : Les prélats prêchent l’alternance, Biya se prélasse - Editions Le Pays","<a href=""https://news.google.com/rss/articles/CBMiogFBVV95cUxNTTFtR3ZLOGlRaW9uUWRIaHFXWkZpVldpbFB2aERvQ1lBUk9GS1J3U1hYYmljT2QwTVZxQU5wbEsxS09SRHltekJHRFZaVGVlcnkxanZ5ZFVFMnBJcXpQbDVXb2NOTW0xSGREd2o0bll5TVFMRS1zVEJsbXZSTmo2WTBRSTl5SVFiWElwT0VMVFhYWGRKSWdLaTV3cjB1TmxWS0E?oc=5"" target=""_blank"">PRESIDENTIELLE 2025 AU CAMEROUN : Les prélats prêchent l’alternance, Biya se prélasse</a>&nbsp;&nbsp;<font color=""#6f6f6f"">Editions Le Pays</font>","Sun, 02 Feb 2025 08:00:00 GMT",Editions Le Pays,https://news.google.com/rss/articles/CBMiogFBVV95cUxNTTFtR3ZLOGlRaW9uUWRIaHFXWkZpVldpbFB2aERvQ1lBUk9GS1J3U1hYYmljT2QwTVZxQU5wbEsxS09SRHltekJHRFZaVGVlcnkxanZ5ZFVFMnBJcXpQbDVXb2NOTW0xSGREd2o0bll5TVFMRS1zVEJsbXZSTmo2WTBRSTl5SVFiWElwT0VMVFhYWGRKSWdLaTV3cjB1TmxWS0E?oc=5,politique
Cameroun : risque d’implosion avant l’élection présidentielle 2025 - Journalducameroun.com,"<a href=""https://news.google.com/rss/articles/CBMinAFBVV95cUxNelJBclpKRWJFdExpRlNseEh5aTFvOHYyVmJ5QS1MdVh0aVBGbllEbjZUdmJ2WDRKZlZSWWdIVjBwbmp2c01UMGFrMWtiRlBvNGZSeTlwUWEzQThSWlA0dE9tdWlvTThOU1VNNGxRNnhScEFKSmlhMzZzWlh3czQ4T1ZVdzRHZDBydTMwdmhDQXJMVTZpb29Sc1IxZkU?oc=5"" target=""_blank"">Cameroun : risque d’implosion avant l’élection présidentielle 2025</a>&nbsp;&nbsp;<font color=""#6f6f6f"">Journalducameroun.com</font>","Wed, 26 Feb 2025 08:00:00 GMT",Journalducameroun.com,https://news.google.com/rss/articles/CBMinAFBVV95cUxNelJBclpKRWJFdExpRlNseEh5aTFvOHYyVmJ5QS1MdVh0aVBGbllEbjZUdmJ2WDRKZlZSWWdIVjBwbmp2c01UMGFrMWtiRlBvNGZSeTlwUWEzQThSWlA0dE9tdWlvTThOU1VNNGxRNnhScEFKSmlhMzZzWlh3czQ4T1ZVdzRHZDBydTMwdmhDQXJMVTZpb29Sc1IxZkU?oc=5,politique
"Cameroun : Présidentielle 2025, le casse-tête de Maurice Kamto - Koaci","<a href=""https://news.google.com/rss/articles/CBMiywFBVV95cUxQN1pGVU9VazNscWVrZW44YldHRk04MnRpaHVUY0x4U2kxOGZRemFJWV81b3pqci1KYWphc3QyM1NMOVFTd3hsenVqbVdsTkVZckV1cElWSlJYNmxMaTFZbDdyNXp6dW5hQjBCTmMxY2ZsSWhoN3A1QTdVWmJQQ2NRQXREVUZwTVhWYzRKNmxJZmhDYTNVU1QtendhT1NENUFjNDhoYXg1Qnd4N2pOQmdnbWR2M0MwUlVXX2pQblVTeVhlY0xnckQxRzB6NA?oc=5"" target=""_blank"">Cameroun : Présidentielle 2025, le casse-tête de Maurice Kamto</a>&nbsp;&nbsp;<font color=""#6f6f6f"">Koaci</font>","Mon, 27 Jan 2025 08:00:00 GMT",Koaci,https://news.google.com/rss/articles/CBMiywFBVV95cUxQN1pGVU9VazNscWVrZW44YldHRk04MnRpaHVUY0x4U2kxOGZRemFJWV81b3pqci1KYWphc3QyM1NMOVFTd3hsenVqbVdsTkVZckV1cElWSlJYNmxMaTFZbDdyNXp6dW5hQjBCTmMxY2ZsSWhoN3A1QTdVWmJQQ2NRQXREVUZwTVhWYzRKNmxJZmhDYTNVU1QtendhT1NENUFjNDhoYXg1Qnd4N2pOQmdnbWR2M0MwUlVXX2pQblVTeVhlY0xnckQxRzB6NA?oc=5,politique
Présidentielle 2025 : Orange Cameroun dit non à la collecte de fonds de Maurice Kamto - Le bled parle,"<a href=""https://news.google.com/rss/articles/CBMisgFBVV95cUxQMnZyblgyTTAxSEhMMk1TWVNPWjV5bUk0cEJiV094MXI5X3JDempWUmxQemNQMk1mbHdCd2NsLU9HbFFDM2pscG0yN1MxWjRHTTVFN3BITW5yTEJzUFJvdjlYWnl2cDBGUHl0NF9wSTNaU0ZDaVlJNWZHbHQyZHhWQWtqOVlkSk5DTDhGYmNtdGd5SmFjdWMxLXZxNGpOMGl0VDRSaWFDcFIteVFtamlSZWZn?oc=5"" target=""_blank"">Présidentielle 2025 : Orange Cameroun dit non à la collecte de fonds de Maurice Kamto</a>&nbsp;&nbsp;<font color=""#6f6f6f"">Le bled parle</font>","Sat, 22 Mar 2025 07:00:00 GMT",Le bled parle,https://news.google.com/rss/articles/CBMisgFBVV95cUxQMnZyblgyTTAxSEhMMk1TWVNPWjV5bUk0cEJiV094MXI5X3JDempWUmxQemNQMk1mbHdCd2NsLU9HbFFDM2pscG0yN1MxWjRHTTVFN3BITW5yTEJzUFJvdjlYWnl2cDBGUHl0NF9wSTNaU0ZDaVlJNWZHbHQyZHhWQWtqOVlkSk5DTDhGYmNtdGd5SmFjdWMxLXZxNGpOMGl0VDRSaWFDcFIteVFtamlSZWZn?oc=5,politique
Présidentielle 2025 au Cameroun : Paul Biya déblaie-t-il son chemin ? - BBC,"<a href=""https://news.google.com/rss/articles/CBMiXkFVX3lxTE45TnljWWxORDVtVXhzaHhwNXVLd2JXZFo1dlJYaF9XbDJLUmh1elBPbFBGeUhhQkQxZ2dLaWY4VTdlYTMyVnR3b2xEclpGa0l4dWMzdU9oTVFoUDhGbVHSAWNBVV95cUxPTGF5VUpyMHd6YVo2ZkJJcmg2SzJwQnUzLUdDOVFaMFItd01hYjhGenJId3VCMkZNYk5kYXRjV3pZcFVnOF9xUV9qeGtkRnRuOFJZMmJVaDFyYzFacXdVUHM3d28?oc=5"" target=""_blank"">Présidentielle 2025 au Cameroun : Paul Biya déblaie-t-il son chemin ?</a>&nbsp;&nbsp;<font color=""#6f6f6f"">BBC</font>","Tue, 09 Jul 2024 07:00:00 GMT",BBC,https://news.google.com/rss/articles/CBMiXkFVX3lxTE45TnljWWxORDVtVXhzaHhwNXVLd2JXZFo1dlJYaF9XbDJLUmh1elBPbFBGeUhhQkQxZ2dLaWY4VTdlYTMyVnR3b2xEclpGa0l4dWMzdU9oTVFoUDhGbVHSAWNBVV95cUxPTGF5VUpyMHd6YVo2ZkJJcmg2SzJwQnUzLUdDOVFaMFItd01hYjhGenJId3VCMkZNYk5kYXRjV3pZcFVnOF9xUV9qeGtkRnRuOFJZMmJVaDFyYzFacXdVUHM3d28?oc=5,politique
"Cameroun : Présidentielle 2025, les évêques catholiques s'élèvent contre une candidature de Paul Biya - Koaci","<a href=""https://news.google.com/rss/articles/CBMi_gFBVV95cUxOb3FEMnFLcG9ZNEdwSTItcXNnZTNBTlhmTzYxSEdfdXpWWEVGTGQ5ZEVNWjFpbjU4QXZMSG53bV9vTU5hMF9GZUItR2RKRjNEajRVMF84T3A2RGhkNFFubWYxMDdUc3pjY2prb0hNYnZOYzQxcm5yVEVXZC1kSDRNNmhzYmFESlNDQ19BSWZ6eU9udnNDSERPeE42LVNUVVR4RkhXbm5DelVPLWs3X2VQTmdKS3MtOWVYRFI0djEwMHF2ak5UOW9PX08zSWVLa2x0MGdKcEZiYXhSOEUxMjN3cnhtRm5OWkItZ25oN3BGcjRWZXdyZWRYRkRZa0dkdw?oc=5"" target=""_blank"">Cameroun : Présidentielle 2025, les évêques catholiques s'élèvent contre une candidature de Paul Biya</a>&nbsp;&nbsp;<font color=""#6f6f6f"">Koaci</font>","Fri, 03 Jan 2025 08:00:00 GMT",Koaci,https://news.google.com/rss/articles/CBMi_gFBVV95cUxOb3FEMnFLcG9ZNEdwSTItcXNnZTNBTlhmTzYxSEdfdXpWWEVGTGQ5ZEVNWjFpbjU4QXZMSG53bV9vTU5hMF9GZUItR2RKRjNEajRVMF84T3A2RGhkNFFubWYxMDdUc3pjY2prb0hNYnZOYzQxcm5yVEVXZC1kSDRNNmhzYmFESlNDQ19BSWZ6eU9udnNDSERPeE42LVNUVVR4RkhXbm5DelVPLWs3X2VQTmdKS3MtOWVYRFI0djEwMHF2ak5UOW9PX08zSWVLa2x0MGdKcEZiYXhSOEUxMjN3cnhtRm5OWkItZ25oN3BGcjRWZXdyZWRYRkRZa0dkdw?oc=5,politique
PRESIDENTIELLE 2025 AU CAMEROUN : On voit venir Biya - Editions Le Pays,"<a href=""https://news.google.com/rss/articles/CBMieEFVX3lxTE1DSFVRLVl1RkVvVzRGQ3dtX3lyNE9sd0FCbGIxS2JHTEFaOHNCM3ZUUjlrM29SM0xMNDFzM1J4dnc0OHloTHhUWUdGaGJaajhUTE1QNEtuazdvT25XTkNmdHJsWTBONzc3dzBaWVlucFdPSjFITkZoUg?oc=5"" target=""_blank"">PRESIDENTIELLE 2025 AU CAMEROUN : On voit venir Biya</a>&nbsp;&nbsp;<font color=""#6f6f6f"">Editions Le Pays</font>","Mon, 30 Dec 2024 08:00:00 GMT",Editions Le Pays,https://news.google.com/rss/articles/CBMieEFVX3lxTE1DSFVRLVl1RkVvVzRGQ3dtX3lyNE9sd0FCbGIxS2JHTEFaOHNCM3ZUUjlrM29SM0xMNDFzM1J4dnc0OHloTHhUWUdGaGJaajhUTE1QNEtuazdvT25XTkNmdHJsWTBONzc3dzBaWVlucFdPSjFITkZoUg?oc=5,politique
Présidentielle 2025 au Cameroun : David Awono appelle à une révolution pacifique par les urnes - Journalducameroun.com,"<a href=""https://news.google.com/rss/articles/CBMixAFBVV95cUxNaXpQbWs1bjFWeERNWHlPNEItWm8taE5ORllkQ0Z1dmx2VUdTbGZGQUhPN1FSa242R0xrN0l0aU9fWDBycEl0Si1odk1LLU13azdueHlSVEU5WUtaWW1iZ1YtWlp1NUs0dGJoUjZVYjRCR3pxV3ZOUWJZU29ORjFQRXY4cU1EVTA3NFhWbzE2ZHpUMHNMSEVmaGFaQzl1VTY0akRnYzh5emdGd2czTGhJZjlKQjB1N2VnaXZjdDctRVhlbzY3?oc=5"" target=""_blank"">Présidentielle 2025 au Cameroun : David Awono appelle à une révolution pacifique par les urnes</a>&nbsp;&nbsp;<font color=""#6f6f6f"">Journalducameroun.com</font>","Mon, 06 Jan 2025 08:00:00 GMT",Journalducameroun.com,https://news.google.com/rss/articles/CBMixAFBVV95cUxNaXpQbWs1bjFWeERNWHlPNEItWm8taE5ORllkQ0Z1dmx2VUdTbGZGQUhPN1FSa242R0xrN0l0aU9fWDBycEl0Si1odk1LLU13azdueHlSVEU5WUtaWW1iZ1YtWlp1NUs0dGJoUjZVYjRCR3pxV3ZOUWJZU29ORjFQRXY4cU1EVTA3NFhWbzE2ZHpUMHNMSEVmaGFaQzl1VTY0akRnYzh5emdGd2czTGhJZjlKQjB1N2VnaXZjdDctRVhlbzY3?oc=5,politique
Cameroun - Garoua : Le FSNC en marche vers la présidentielle 2025 - Alwihda Info,"<a href=""https://news.google.com/rss/articles/CBMipAFBVV95cUxPN3d0SWdXQ3ltMXNCTWpWbk5Cc1FDVmt0SWdfZkxOX1V2aHNyR0V2MnJENkI5aE1tNkxzVlluek5jZ3BscWJXMmJlRTlZWmVhR01xeXFVQ2xWcENkWWZCRmhKMVRiR29ORHVzQ2d0Wkk4OTlvbHI4QnN4dVJaZW9yZXpSQUxwMjE0X3Q5TFpickNGS0I4OS1tanIyUDZ0dVphZHN4TA?oc=5"" target=""_blank"">Cameroun - Garoua : Le FSNC en marche vers la présidentielle 2025</a>&nbsp;&nbsp;<font color=""#6f6f6f"">Alwihda Info</font>","Sun, 23 Feb 2025 08:00:00 GMT",Alwihda Info,https://news.google.com/rss/articles/CBMipAFBVV95cUxPN3d0SWdXQ3ltMXNCTWpWbk5Cc1FDVmt0SWdfZkxOX1V2aHNyR0V2MnJENkI5aE1tNkxzVlluek5jZ3BscWJXMmJlRTlZWmVhR01xeXFVQ2xWcENkWWZCRmhKMVRiR29ORHVzQ2d0Wkk4OTlvbHI4QnN4dVJaZW9yZXpSQUxwMjE0X3Q5TFpickNGS0I4OS1tanIyUDZ0dVphZHN4TA?oc=5,politique
"Cameroun : Présidentielle 2025, les obstacles à la candidature de Maurice Kamto - Koaci","<a href=""https://news.google.com/rss/articles/CBMi4gFBVV95cUxOdFgzZ09HYmxVVXpmNDZHUlhxWVRBelpjb2x2cVM3VjVsTzNYMDRkZThPRzJUbTloMEMwNEgteEktM2JvVjBoemx3eE44ODJqVG9ray1OWklPaWdXdXFZY18tQ0NUTkhBemZ4NnZnQmRCeFY5dDU1Q1lSdkJyVFdDTDZjaVJqREU0RHJWd0NMTzQ0dWh3UTctaGEzQUtKaWRxdmNlZ0NHLU9mQjljTWhSSTNrdlZfRnNWYWc3VWQ0SVpLUXRRVDVEaTRnQ3ViZU9sWERjUFdZakFHU1dsbHNJV1dB?oc=5"" target=""_blank"">Cameroun : Présidentielle 2025, les obstacles à la candidature de Maurice Kamto</a>&nbsp;&nbsp;<font color=""#6f6f6f"">Koaci</font>","Fri, 07 Feb 2025 08:00:00 GMT",Koaci,https://news.google.com/rss/articles/CBMi4gFBVV95cUxOdFgzZ09HYmxVVXpmNDZHUlhxWVRBelpjb2x2cVM3VjVsTzNYMDRkZThPRzJUbTloMEMwNEgteEktM2JvVjBoemx3eE44ODJqVG9ray1OWklPaWdXdXFZY18tQ0NUTkhBemZ4NnZnQmRCeFY5dDU1Q1lSdkJyVFdDTDZjaVJqREU0RHJWd0NMTzQ0dWh3UTctaGEzQUtKaWRxdmNlZ0NHLU9mQjljTWhSSTNrdlZfRnNWYWc3VWQ0SVpLUXRRVDVEaTRnQ3ViZU9sWERjUFdZakFHU1dsbHNJV1dB?oc=5,politique
Cameroun-présidentielle 2025 : les chefs traditionnels démentent avoir perçu 7 millions de F - Journalducameroun.com,"<a href=""https://news.google.com/rss/articles/CBMiwgFBVV95cUxOZTAxRG1HeHhacHZrc1I4TWtCcklMX0E3b2kzakpFaXAzd3BzWjFfamxoZ2JZMHV5djBKazdqcTdlZExxdU5xRG1hT2VZM1Y3TlRaX05XeFV1MUxXeTJvLXVSc0dsSVIzWEsxNGtkeVZ1MElQdkdDX0pSOWRQa09vazFFN0Jfak5uX0VPYXVTRFk4LU43eGd2V1dIaS1mWUlJTnVrYkZ5U0VKOXJ5ZFBSVVBxQVBkWmYyeEZYR0J4QWY1dw?oc=5"" target=""_blank"">Cameroun-présidentielle 2025 : les chefs traditionnels démentent avoir perçu 7 millions de F</a>&nbsp;&nbsp;<font color=""#6f6f6f"">Journalducameroun.com</font>","Mon, 03 Feb 2025 08:00:00 GMT",Journalducameroun.com,https://news.google.com/rss/articles/CBMiwgFBVV95cUxOZTAxRG1HeHhacHZrc1I4TWtCcklMX0E3b2kzakpFaXAzd3BzWjFfamxoZ2JZMHV5djBKazdqcTdlZExxdU5xRG1hT2VZM1Y3TlRaX05XeFV1MUxXeTJvLXVSc0dsSVIzWEsxNGtkeVZ1MElQdkdDX0pSOWRQa09vazFFN0Jfak5uX0VPYXVTRFk4LU43eGd2V1dIaS1mWUlJTnVrYkZ5U0VKOXJ5ZFBSVVBxQVBkWmYyeEZYR0J4QWY1dw?oc=5,politique
Présidentielle 2025 au Cameroun : voici le candidat et le programme politique du SDF - Journalducameroun.com,"<a href=""https://news.google.com/rss/articles/CBMitwFBVV95cUxNZWV2X2xBRHVYa240eTgzZXdaUVpNVVpnMlowd0JFR1VGV2FOc0dhMml1dGRRUFhWVkx4cDRrTF9UQm1uWEhtd2VVdnYwQk43a0hUSllkaWJpSzJzSVFBcmVuZ1Y2dVFNcVdQTENveDNZMzZPZXlnUWo3RGh2Nm40enVOWjVxLUxneUNrMkRvdEludTc0a0V4R0JLelI2R1J4aHdmRUR1UWZJbWxRYURrT0RyWkVTU0k?oc=5"" target=""_blank"">Présidentielle 2025 au Cameroun : voici le candidat et le programme politique du SDF</a>&nbsp;&nbsp;<font color=""#6f6f6f"">Journalducameroun.com</font>","Mon, 03 Mar 2025 08:00:00 GMT",Journalducameroun.com,https://news.google.com/rss/articles/CBMitwFBVV95cUxNZWV2X2xBRHVYa240eTgzZXdaUVpNVVpnMlowd0JFR1VGV2FOc0dhMml1dGRRUFhWVkx4cDRrTF9UQm1uWEhtd2VVdnYwQk43a0hUSllkaWJpSzJzSVFBcmVuZ1Y2dVFNcVdQTENveDNZMzZPZXlnUWo3RGh2Nm40enVOWjVxLUxneUNrMkRvdEludTc0a0V4R0JLelI2R1J4aHdmRUR1UWZJbWxRYURrT0RyWkVTU0k?oc=5,politique
Cameroun-présidentielle 2025 : 18 partis politiques remplissent le premier critère pour présenter un candidat - Journalducameroun.com,"<a href=""https://news.google.com/rss/articles/CBMi2AFBVV95cUxQRF90MWZ2bW93c0V4VlJfd2Y4Z3dwaElyVHYzRElDR3F3enU0ODVJYjdfcDhYN2hESFZ1ekM3dzdFUzRIc0N1RjFPY01HZjFLNXVhbW5aZk1EZEZiN2pWTE1LUXpRTWUxNWNNVnJlNkJxb3BudW81bGZNSHl1NEJVamRzTkEyS1ZrWDVGLTVoUkR1Y0dOZDBLMHBpYVZCc29LdFVrZTRUQkJFYjA5cmFYTlNfbnQ2Rmp5VlE4aGhRQnlLMVF0dWFVNk1kYlV4NDlPT0RkSk1kUU4?oc=5"" target=""_blank"">Cameroun-présidentielle 2025 : 18 partis politiques remplissent le premier critère pour présenter un candidat</a>&nbsp;&nbsp;<font color=""#6f6f6f"">Journalducameroun.com</font>","Thu, 23 Jan 2025 08:00:00 GMT",Journalducameroun.com,https://news.google.com/rss/articles/CBMi2AFBVV95cUxQRF90MWZ2bW93c0V4VlJfd2Y4Z3dwaElyVHYzRElDR3F3enU0ODVJYjdfcDhYN2hESFZ1ekM3dzdFUzRIc0N1RjFPY01HZjFLNXVhbW5aZk1EZEZiN2pWTE1LUXpRTWUxNWNNVnJlNkJxb3BudW81bGZNSHl1NEJVamRzTkEyS1ZrWDVGLTVoUkR1Y0dOZDBLMHBpYVZCc29LdFVrZTRUQkJFYjA5cmFYTlNfbnQ2Rmp5VlE4aGhRQnlLMVF0dWFVNk1kYlV4NDlPT0RkSk1kUU4?oc=5,politique
Cameroun : Paul Biya lève le mystère sur sa candidature à la présidentielle 2025 - Journalducameroun.com,"<a href=""https://news.google.com/rss/articles/CBMisgFBVV95cUxNbmh0al9wSTdPanlHREEwX0hldWcwaHVkbHB5SWZDSWFPOVY0bkhvX1Z2MnBFT3U4MVJieC15bVJQU2xkS1NaZEFYTFdtOEZELXRHTVRBeldpZUZ4NmZyb2RTSmNDUlRQT24zUlAtNXdtV3VkY00xaFkyeE1LRWl6THUtdUpoZWR0V2Y4YzRSUjJXWHZGeVU1alQxY0JLalRFSWlhWHFObzdwLVU1c2dQQ0tR?oc=5"" target=""_blank"">Cameroun : Paul Biya lève le mystère sur sa candidature à la présidentielle 2025</a>&nbsp;&nbsp;<font color=""#6f6f6f"">Journalducameroun.com</font>","Tue, 31 Dec 2024 08:00:00 GMT",Journalducameroun.com,https://news.google.com/rss/articles/CBMisgFBVV95cUxNbmh0al9wSTdPanlHREEwX0hldWcwaHVkbHB5SWZDSWFPOVY0bkhvX1Z2MnBFT3U4MVJieC15bVJQU2xkS1NaZEFYTFdtOEZELXRHTVRBeldpZUZ4NmZyb2RTSmNDUlRQT24zUlAtNXdtV3VkY00xaFkyeE1LRWl6THUtdUpoZWR0V2Y4YzRSUjJXWHZGeVU1alQxY0JLalRFSWlhWHFObzdwLVU1c2dQQ0tR?oc=5,politique
Cameroun-présidentielle 2025 : Mgr Samuel Kleda remet en cause la fiabilité du système électoral - Journalducameroun.com,"<a href=""https://news.google.com/rss/articles/CBMixwFBVV95cUxNRWtxQWpkX1NaTFVpcndqT29PQzBsZ2E1cmhEUDg3cThpaFVTMVl4b192clVxdjQ2alMxU2RPa2ZNZWFjT3NKRGVHSEUxREZXdlVLN2dMQ2gxMVpINmppX0hsRm1GTHAtcGstWVRrenh4emNTRURYTHVtSUFRMXE4di1KX0dQbmVmRzkwY0Rwd2ViRnFHTjE1X2lNTGdwVklONWVoUEFGQWRjS1NtNFN3ZndnUWxJdXNTenZRZ3dJaDNoYUFLdTF3?oc=5"" target=""_blank"">Cameroun-présidentielle 2025 : Mgr Samuel Kleda remet en cause la fiabilité du système électoral</a>&nbsp;&nbsp;<font color=""#6f6f6f"">Journalducameroun.com</font>","Tue, 03 Dec 2024 08:00:00 GMT",Journalducameroun.com,https://news.google.com/rss/articles/CBMixwFBVV95cUxNRWtxQWpkX1NaTFVpcndqT29PQzBsZ2E1cmhEUDg3cThpaFVTMVl4b192clVxdjQ2alMxU2RPa2ZNZWFjT3NKRGVHSEUxREZXdlVLN2dMQ2gxMVpINmppX0hsRm1GTHAtcGstWVRrenh4emNTRURYTHVtSUFRMXE4di1KX0dQbmVmRzkwY0Rwd2ViRnFHTjE1X2lNTGdwVklONWVoUEFGQWRjS1NtNFN3ZndnUWxJdXNTenZRZ3dJaDNoYUFLdTF3?oc=5,politique
Présidentielle 2025 au Cameroun : trois figures d’opposition noyées dans trois alliances - Journalducameroun.com,"<a href=""https://news.google.com/rss/articles/CBMiuwFBVV95cUxPNGI3ZmFxNndBUkJDN280WEVFUC0wdG5tdHhXdDByc2pmU0VpNHVWWHA0dDVVMmJNTWdrcERFeGlPbVg2b25qa1RKZXVhNnh6LXlYTkZ6ZlZHVDg0WkxqRmNyVklPdXBHc2FjbTdVb19HUkE4SGtnRUZUNWpBblVjWjdpekFJTks4amdxdTdfbkh0ZWRaV2FPTklWMTFrenFlZGRwSlo2SjJoWUJBeG1fSmI2WHV4SFVqYXBR?oc=5"" target=""_blank"">Présidentielle 2025 au Cameroun : trois figures d’opposition noyées dans trois alliances</a>&nbsp;&nbsp;<font color=""#6f6f6f"">Journalducameroun.com</font>","Tue, 01 Oct 2024 07:00:00 GMT",Journalducameroun.com,https://news.google.com/rss/articles/CBMiuwFBVV95cUxPNGI3ZmFxNndBUkJDN280WEVFUC0wdG5tdHhXdDByc2pmU0VpNHVWWHA0dDVVMmJNTWdrcERFeGlPbVg2b25qa1RKZXVhNnh6LXlYTkZ6ZlZHVDg0WkxqRmNyVklPdXBHc2FjbTdVb19HUkE4SGtnRUZUNWpBblVjWjdpekFJTks4amdxdTdfbkh0ZWRaV2FPTklWMTFrenFlZGRwSlo2SjJoWUJBeG1fSmI2WHV4SFVqYXBR?oc=5,politique
Cameroun-Présidentielle 2025 : le Mouvement Franckiste réajuste sa position - Journalducameroun.com,"<a href=""https://news.google.com/rss/articles/CBMiqwFBVV95cUxPcU52dzg0RThjd3hCM1N1VThFSVdNQTNqUGFFT2Z3QlNvSmJOY05OUFdJNjQ4anRvR182ZWUyaTlISHhtV0JoZmVIZmQ4ZUFWRWg1MjBJekZGcGphaFlRdVB2eXN0a25kSTJYNE85b3h4SFRnU2dHOENXczN1ZXhUa2JVTmNDamgtTFh3ZDJCTXdNS3FyTkZUUkJfTjNIcmtnWkFoM0xSeTF1bjA?oc=5"" target=""_blank"">Cameroun-Présidentielle 2025 : le Mouvement Franckiste réajuste sa position</a>&nbsp;&nbsp;<font color=""#6f6f6f"">Journalducameroun.com</font>","Mon, 08 Jul 2024 07:00:00 GMT",Journalducameroun.com,https://news.google.com/rss/articles/CBMiqwFBVV95cUxPcU52dzg0RThjd3hCM1N1VThFSVdNQTNqUGFFT2Z3QlNvSmJOY05OUFdJNjQ4anRvR182ZWUyaTlISHhtV0JoZmVIZmQ4ZUFWRWg1MjBJekZGcGphaFlRdVB2eXN0a25kSTJYNE85b3h4SFRnU2dHOENXczN1ZXhUa2JVTmNDamgtTFh3ZDJCTXdNS3FyTkZUUkJfTjNIcmtnWkFoM0xSeTF1bjA?oc=5,politique
Présidentielle 2025 au Cameroun: le débat sans fin sur la candidature de Maurice Kamto - Le360 Afrique,"<a href=""https://news.google.com/rss/articles/CBMi4gFBVV95cUxQejhueHNlQnQxa0JwMjBkODhoWjJicmtPVWNzbUJ3Vy1xamFVSVFtcjEtLVpIUmxlVWNTSEZGem00OTBnR2VIdHU3Nk1TMjlYRzhDaG1rOUV1a1RPQ0QwbHVCYk1ESUJZRXpZcmI1OS1LMEVtOTRONG02dGxyeVg5Z05zOElwaFppSGlEdFZ2d21xZGdmUGNBNEdaTW5OZVF2ZGRiSzNEZjFfYzNWR1pfNW5MSXBWOFlONXVQN1FzWXlmSEZOckY0azNweUtWSzJ4cHQzd3E2T3lYVm43c0JnRExn?oc=5"" target=""_blank"">Présidentielle 2025 au Cameroun: le débat sans fin sur la candidature de Maurice Kamto</a>&nbsp;&nbsp;<font color=""#6f6f6f"">Le360 Afrique</font>","Mon, 17 Feb 2025 08:00:00 GMT",Le360 Afrique,https://news.google.com/rss/articles/CBMi4gFBVV95cUxQejhueHNlQnQxa0JwMjBkODhoWjJicmtPVWNzbUJ3Vy1xamFVSVFtcjEtLVpIUmxlVWNTSEZGem00OTBnR2VIdHU3Nk1TMjlYRzhDaG1rOUV1a1RPQ0QwbHVCYk1ESUJZRXpZcmI1OS1LMEVtOTRONG02dGxyeVg5Z05zOElwaFppSGlEdFZ2d21xZGdmUGNBNEdaTW5OZVF2ZGRiSzNEZjFfYzNWR1pfNW5MSXBWOFlONXVQN1FzWXlmSEZOckY0azNweUtWSzJ4cHQzd3E2T3lYVm43c0JnRExn?oc=5,politique
Présidentielle 2025 au Cameroun: une coalition en gestation pour l’opposant Maurice Kamto - RFI,"<a href=""https://news.google.com/rss/articles/CBMizAFBVV95cUxNLThkYWQxYmFCc1U0ZFRVM2ItV3psMUJ3MWQ2ZElMLV9jcGk3OTdhejFBNkRjNk9aWDE2UDAwOVVrQXdtMHM5MlU5THRzZWNhUVZkZjJ6U25SNUM5elVLc1hYbmpQc3dxN3JzR0M5NUY1Y01CUEtCUHdKNmgwUVpKeG9rVUtnWmJSalVzdm1kZjZmWnZUWE9uRlhrSzJMUmVOT2I0aTRZLTZDWEw1RzhaY3E3UkRmSEhwN3VBOWplUU1TbnVhSzZkekdiVHc?oc=5"" target=""_blank"">Présidentielle 2025 au Cameroun: une coalition en gestation pour l’opposant Maurice Kamto</a>&nbsp;&nbsp;<font color=""#6f6f6f"">RFI</font>","Wed, 17 Jan 2024 08:00:00 GMT",RFI,https://news.google.com/rss/articles/CBMizAFBVV95cUxNLThkYWQxYmFCc1U0ZFRVM2ItV3psMUJ3MWQ2ZElMLV9jcGk3OTdhejFBNkRjNk9aWDE2UDAwOVVrQXdtMHM5MlU5THRzZWNhUVZkZjJ6U25SNUM5elVLc1hYbmpQc3dxN3JzR0M5NUY1Y01CUEtCUHdKNmgwUVpKeG9rVUtnWmJSalVzdm1kZjZmWnZUWE9uRlhrSzJMUmVOT2I0aTRZLTZDWEw1RzhaY3E3UkRmSEhwN3VBOWplUU1TbnVhSzZkekdiVHc?oc=5,politique
Présidentielle 2025 : des Camerounais dans l’attente de l’annonce de la candidature de Paul Biya - Journalducameroun.com,"<a href=""https://news.google.com/rss/articles/CBMixAFBVV95cUxPZkRSUkZOaXRvdUtKOGNtTzZRVDE4bmtGRjhXZEI1d0F2T184UlpnT3h3eGw4Nmo4YUJYdHBjSUhnT1FIdjJlYjNhY0Jtam94TWV2a0FiTFlmQ3BtZUg4ZEdnWE9uMTE3SUJJYjNsa1JlWEdKa3BoZXdJTzdLanAzLTE0bWF6dFdvdkJ3ZThWREVWQjlsTnpfMUlEakc2dTdVdmpDQmthZ0JpRHpSa1J0bmpQVGlZeDExODg1VXpPQ2lLVUxE?oc=5"" target=""_blank"">Présidentielle 2025 : des Camerounais dans l’attente de l’annonce de la candidature de Paul Biya</a>&nbsp;&nbsp;<font color=""#6f6f6f"">Journalducameroun.com</font>","Mon, 24 Mar 2025 07:00:00 GMT",Journalducameroun.com,https://news.google.com/rss/articles/CBMixAFBVV95cUxPZkRSUkZOaXRvdUtKOGNtTzZRVDE4bmtGRjhXZEI1d0F2T184UlpnT3h3eGw4Nmo4YUJYdHBjSUhnT1FIdjJlYjNhY0Jtam94TWV2a0FiTFlmQ3BtZUg4ZEdnWE9uMTE3SUJJYjNsa1JlWEdKa3BoZXdJTzdLanAzLTE0bWF6dFdvdkJ3ZThWREVWQjlsTnpfMUlEakc2dTdVdmpDQmthZ0JpRHpSa1J0bmpQVGlZeDExODg1VXpPQ2lLVUxE?oc=5,politique
Présidentielle 2025 : le conseil des chefs traditionnels du Cameroun soutient la candidature de Paul Biya - Journalducameroun.com,"<a href=""https://news.google.com/rss/articles/CBMi0wFBVV95cUxPZlJJTDF1UkZoLWluRkZEU0pqbk5GYjhKWkYzTGE5SkxOcHp3NkswRm5XUEtlX3BGcHdGRThPckVjYVRFQzN0S1lqQURPc1g5THpPNWpvcXdUQnQzRkNTRWIxYzhkdWotSmRvVlhxWHdnN3NHZ19sQmZOYXdMdTgwRHF2aXRqYzl4OUp0d1dQRTVvUWswMW0wRFRQT2o3QW5lc2k0S3gzNFU1Z2YtLWM4YzJfUDFudEU0OXZaV2Vuem53ZUhET1N2WnljcGh4SVhtRzlJ?oc=5"" target=""_blank"">Présidentielle 2025 : le conseil des chefs traditionnels du Cameroun soutient la candidature de Paul Biya</a>&nbsp;&nbsp;<font color=""#6f6f6f"">Journalducameroun.com</font>","Tue, 28 Jan 2025 08:00:00 GMT",Journalducameroun.com,https://news.google.com/rss/articles/CBMi0wFBVV95cUxPZlJJTDF1UkZoLWluRkZEU0pqbk5GYjhKWkYzTGE5SkxOcHp3NkswRm5XUEtlX3BGcHdGRThPckVjYVRFQzN0S1lqQURPc1g5THpPNWpvcXdUQnQzRkNTRWIxYzhkdWotSmRvVlhxWHdnN3NHZ19sQmZOYXdMdTgwRHF2aXRqYzl4OUp0d1dQRTVvUWswMW0wRFRQT2o3QW5lc2k0S3gzNFU1Z2YtLWM4YzJfUDFudEU0OXZaV2Vuem53ZUhET1N2WnljcGh4SVhtRzlJ?oc=5,politique
"Cameroun : Présidentielle 2025, après les chefs traditionnels, quatre partis d'opposition rallient Paul Biya - Koaci","<a href=""https://news.google.com/rss/articles/CBMihgJBVV95cUxOVlBCenc4azBUdVdNM3ZubHBKRlNzWHhySEhucUlBQUt6dDRhYmc0X0twS2hLd3Jib29xazZaYmE2al8tOTI1bmhwb2V4N2VOMnR6OUFMcVBST3NVZHpOYzB2emJ3SVFIdGljWDhlZFB0NGZnSF9KaUZrR3hrVDBjdXRNblp4YTQ5RkFxSVV6R2tyRFNkWXota0dtQWhNSWt5dzlqaVdONkpwQ1dNTlZCRHlldXR0YnM1V01TWXk2Tmh6NkNVb21zZVh5WWdqVk9IQWxGdF90dU00djBRb0tHMllhVzViczRoVFdlWXVQYTgwM1Y4X0FZVnBqSTFNU1VNTnA1ZEtR?oc=5"" target=""_blank"">Cameroun : Présidentielle 2025, après les chefs traditionnels, quatre partis d'opposition rallient Paul Biya</a>&nbsp;&nbsp;<font color=""#6f6f6f"">Koaci</font>","Sat, 01 Feb 2025 08:00:00 GMT",Koaci,https://news.google.com/rss/articles/CBMihgJBVV95cUxOVlBCenc4azBUdVdNM3ZubHBKRlNzWHhySEhucUlBQUt6dDRhYmc0X0twS2hLd3Jib29xazZaYmE2al8tOTI1bmhwb2V4N2VOMnR6OUFMcVBST3NVZHpOYzB2emJ3SVFIdGljWDhlZFB0NGZnSF9KaUZrR3hrVDBjdXRNblp4YTQ5RkFxSVV6R2tyRFNkWXota0dtQWhNSWt5dzlqaVdONkpwQ1dNTlZCRHlldXR0YnM1V01TWXk2Tmh6NkNVb21zZVh5WWdqVk9IQWxGdF90dU00djBRb0tHMllhVzViczRoVFdlWXVQYTgwM1Y4X0FZVnBqSTFNU1VNTnA1ZEtR?oc=5,politique
Présidentielle 2025 au Cameroun : Maurice Kamto annonce sa candidature et lance une collecte de fonds - Benin Web TV,"<a href=""https://news.google.com/rss/articles/CBMiwAFBVV95cUxPUjFSQjVwaUpZQjc0aWQ5bkRRdzctQ1JUYVFjcXhNSm5KRkY2ZEQ1N1BqNDNTLVlpNmYzdXdkVVZGZXJwYjdxMGtoNVRMWGp3djQ1R2VFb2s2akxPdDlBT0dYMDhfd0gwRmtUZEJFNkh4d05KcmtUVmxSd1JpNmNhbnkwYXVoamJ3WThQNzZURmJzTEdMZ3FUY1Ntek5aX3RqMnNkNjBhZ1I0cnFHUnRJdWFGeHlVbUtLN0kwTGJrSmY?oc=5"" target=""_blank"">Présidentielle 2025 au Cameroun : Maurice Kamto annonce sa candidature et lance une collecte de fonds</a>&nbsp;&nbsp;<font color=""#6f6f6f"">Benin Web TV</font>","Mon, 03 Feb 2025 08:00:00 GMT",Benin Web TV,https://news.google.com/rss/articles/CBMiwAFBVV95cUxPUjFSQjVwaUpZQjc0aWQ5bkRRdzctQ1JUYVFjcXhNSm5KRkY2ZEQ1N1BqNDNTLVlpNmYzdXdkVVZGZXJwYjdxMGtoNVRMWGp3djQ1R2VFb2s2akxPdDlBT0dYMDhfd0gwRmtUZEJFNkh4d05KcmtUVmxSd1JpNmNhbnkwYXVoamJ3WThQNzZURmJzTEdMZ3FUY1Ntek5aX3RqMnNkNjBhZ1I0cnFHUnRJdWFGeHlVbUtLN0kwTGJrSmY?oc=5,politique
"Présidentielle 2025 au Cameroun: l’opposant Maurice Kamto annonce sa candidature, mais… - Le360 Afrique","<a href=""https://news.google.com/rss/articles/CBMi3wFBVV95cUxQN1BBTzE5bjNFenFBRzdGRnd1ZGJycE9NZFZsWDFnS0ZyRVVvV1JGWm5FVHlpRnhtSjNQbC1rVGN0Uy1UNmt6dW5EVE82WV9xZThLdVBsWU1EeEF5QVBQNFhmenQ3Uy1IYjhtaFQ3TmpZSWpYb21oRVZvdHFfZHF0eFZiRlA0UUJqcXJ1LWN0MHBQdWI5SnVnSTZDa0ZWLWRsWkZ2ZHpkX3NNLUx1UkZOaFk3V0V5WURpREsxTmFaX2dMcFVLeTcyT0hZNmEyU2dYOE9oQi0tQk5NS2MtMkF3?oc=5"" target=""_blank"">Présidentielle 2025 au Cameroun: l’opposant Maurice Kamto annonce sa candidature, mais…</a>&nbsp;&nbsp;<font color=""#6f6f6f"">Le360 Afrique</font>","Sun, 10 Nov 2024 08:00:00 GMT",Le360 Afrique,https://news.google.com/rss/articles/CBMi3wFBVV95cUxQN1BBTzE5bjNFenFBRzdGRnd1ZGJycE9NZFZsWDFnS0ZyRVVvV1JGWm5FVHlpRnhtSjNQbC1rVGN0Uy1UNmt6dW5EVE82WV9xZThLdVBsWU1EeEF5QVBQNFhmenQ3Uy1IYjhtaFQ3TmpZSWpYb21oRVZvdHFfZHF0eFZiRlA0UUJqcXJ1LWN0MHBQdWI5SnVnSTZDa0ZWLWRsWkZ2ZHpkX3NNLUx1UkZOaFk3V0V5WURpREsxTmFaX2dMcFVLeTcyT0hZNmEyU2dYOE9oQi0tQk5NS2MtMkF3?oc=5,politique
"Cameroun : Présidentielle 2025, les évêques camerounais définissent les qualités du futur Président - Koaci","<a href=""https://news.google.com/rss/articles/CBMi-gFBVV95cUxPejYzajBvZFpzVVl0bGMtN21LUGxyX2dLZEdvY3ZtMUg4alFCRnRlNHNBUWJ1NVFzZDFxOE11MUlkWXZYVWNyaXZXQ2tfX2NDSUdYS1VNTnA0amRmZUI5Z3pQT2tfX1U1Qm5XUWdhTjVzQ1VRc3dKZjNaN0Y5OHB6SXNyOE1Kck03cnJpYXdBa1dCWFFHWlVxdHRERVZXbFp3ZFpjWGptY0FEOUkzY3dxc3JYZW81WFlDeE40TWo5d2tKU196MmN5MlNvYk5JQUxXSGpYTHhMbGJMb3ZUS0FUdFQ4a3pDUFNGa3RHbWhTMFpRbG9jMjc0YXhn?oc=5"" target=""_blank"">Cameroun : Présidentielle 2025, les évêques camerounais définissent les qualités du futur Président</a>&nbsp;&nbsp;<font color=""#6f6f6f"">Koaci</font>","Mon, 31 Mar 2025 07:00:00 GMT",Koaci,https://news.google.com/rss/articles/CBMi-gFBVV95cUxPejYzajBvZFpzVVl0bGMtN21LUGxyX2dLZEdvY3ZtMUg4alFCRnRlNHNBUWJ1NVFzZDFxOE11MUlkWXZYVWNyaXZXQ2tfX2NDSUdYS1VNTnA0amRmZUI5Z3pQT2tfX1U1Qm5XUWdhTjVzQ1VRc3dKZjNaN0Y5OHB6SXNyOE1Kck03cnJpYXdBa1dCWFFHWlVxdHRERVZXbFp3ZFpjWGptY0FEOUkzY3dxc3JYZW81WFlDeE40TWo5d2tKU196MmN5MlNvYk5JQUxXSGpYTHhMbGJMb3ZUS0FUdFQ4a3pDUFNGa3RHbWhTMFpRbG9jMjc0YXhn?oc=5,politique
Cameroun-présidentielle 2025 : voici les enjeux du congrès extraordinaire du SDF - Journalducameroun.com,"<a href=""https://news.google.com/rss/articles/CBMisgFBVV95cUxNNjZ5T0FqTjNqUVpYX0Ytcmc4VzFJYWktWkg5bnJUXzBZcnRqOXBJajlWYTl2THVScVVkeU9JWkRSSnM0Nkx4VnlOR0tPZEpPX1VCdHBPZFNsVklkUGhaWm5VYndrR1YxcHVoYkdtNVlsR2tLSmxseG1fZFlDakZJbk5vQ1F5dFh1ZVpCYkQ3VkthUDVFb1VGcTdTeHE2NGhmR00xUmRXZXhUdzVoTkY4RV9R?oc=5"" target=""_blank"">Cameroun-présidentielle 2025 : voici les enjeux du congrès extraordinaire du SDF</a>&nbsp;&nbsp;<font color=""#6f6f6f"">Journalducameroun.com</font>","Fri, 28 Feb 2025 08:00:00 GMT",Journalducameroun.com,https://news.google.com/rss/articles/CBMisgFBVV95cUxNNjZ5T0FqTjNqUVpYX0Ytcmc4VzFJYWktWkg5bnJUXzBZcnRqOXBJajlWYTl2THVScVVkeU9JWkRSSnM0Nkx4VnlOR0tPZEpPX1VCdHBPZFNsVklkUGhaWm5VYndrR1YxcHVoYkdtNVlsR2tLSmxseG1fZFlDakZJbk5vQ1F5dFh1ZVpCYkQ3VkthUDVFb1VGcTdTeHE2NGhmR00xUmRXZXhUdzVoTkY4RV9R?oc=5,politique
Présidentielle 2025 au Cameroun : “Le MRC ne laissera pas le RDPC exclure son candidat de la course” (Maurice Kamto) - afrik soir,"<a href=""https://news.google.com/rss/articles/CBMizgFBVV95cUxOemlNQzN3OGFXem1iYXlBdzZKdFVKaTdpSHpzRDl6RC1GT1lEczRONmhCRmp1WkR0WkdfQkdQSHlmLTRmd3lrdTFmNlNtQmpydHc0U3N3Q29zajZna05RdmhYVXR0M0cxU1RIOW1FVXllVGlka0luc25tdkh0MU44ck9OWGRkMTFqUzBQbVJhc3ZwR1EzWnVVdE8ybWk3TFFlZEFwUnNWZDVNTFU5NUdZWTVzUktsOHR3SzkzSnhEWnF2TkYtc0tLTnVIN1BhQQ?oc=5"" target=""_blank"">Présidentielle 2025 au Cameroun : “Le MRC ne laissera pas le RDPC exclure son candidat de la course” (Maurice Kamto)</a>&nbsp;&nbsp;<font color=""#6f6f6f"">afrik soir</font>","Sun, 23 Mar 2025 07:00:00 GMT",afrik soir,https://news.google.com/rss/articles/CBMizgFBVV95cUxOemlNQzN3OGFXem1iYXlBdzZKdFVKaTdpSHpzRDl6RC1GT1lEczRONmhCRmp1WkR0WkdfQkdQSHlmLTRmd3lrdTFmNlNtQmpydHc0U3N3Q29zajZna05RdmhYVXR0M0cxU1RIOW1FVXllVGlka0luc25tdkh0MU44ck9OWGRkMTFqUzBQbVJhc3ZwR1EzWnVVdE8ybWk3TFFlZEFwUnNWZDVNTFU5NUdZWTVzUktsOHR3SzkzSnhEWnF2TkYtc0tLTnVIN1BhQQ?oc=5,politique
Présidentielle 2025 au Cameroun : René Sadi tente d'expliquer le message de Paul Biya aux évêques - Journalducameroun.com,"<a href=""https://news.google.com/rss/articles/CBMixwFBVV95cUxPZTN1QWRtQ2QwQ0hlR0VmMDhUNGhIOVVTZGpqbHo5em14SnN2VTJDdGpFaGpsa0xYNjJ4c0dLV3ZCSUdwWGlZUjFUNVljdjNPZ3VIVl92NVRqX2V3Snk3eVkyYTRDdDhvdDdIemJBVkNSNElXX3daeEtUTWgxNDJwUWprQzlkVjZOVGRjeF9hUy1MLXREaUcyQ2pwamtIT29aTFFnVWNFVmEyc0p5NWRLT2tYMENOWEJXYm15YzNWWXFMaUtIN2ww?oc=5"" target=""_blank"">Présidentielle 2025 au Cameroun : René Sadi tente d'expliquer le message de Paul Biya aux évêques</a>&nbsp;&nbsp;<font color=""#6f6f6f"">Journalducameroun.com</font>","Tue, 07 Jan 2025 08:00:00 GMT",Journalducameroun.com,https://news.google.com/rss/articles/CBMixwFBVV95cUxPZTN1QWRtQ2QwQ0hlR0VmMDhUNGhIOVVTZGpqbHo5em14SnN2VTJDdGpFaGpsa0xYNjJ4c0dLV3ZCSUdwWGlZUjFUNVljdjNPZ3VIVl92NVRqX2V3Snk3eVkyYTRDdDhvdDdIemJBVkNSNElXX3daeEtUTWgxNDJwUWprQzlkVjZOVGRjeF9hUy1MLXREaUcyQ2pwamtIT29aTFFnVWNFVmEyc0p5NWRLT2tYMENOWEJXYm15YzNWWXFMaUtIN2ww?oc=5,politique
"Cameroun : Présidentielle 2025, le SDF se prépare avec 7 000 scrutateurs et 50 millions FCFA pour être candidat - Koaci","<a href=""https://news.google.com/rss/articles/CBMijAJBVV95cUxNZTBFRnM3MnpKVXdiZnhLS2NHeWNyRFpPaVlqdkJmT2ZGekZWRUlYazlZTUJldHJLdWpRZ3l2MWZ2MXpwR20zblA2OG5Pd3RRc3RoN2tqWkhCYUV6czJ0SkNWWjE5c29kSUtpZ1gyYUZEWHdpM3JKOUpqcWxPUm9Qdnc0VGNtSVd4eHBGZWN3c040MUFxLXFGR0RNWmtYQXhkeVNPTXpoNGFHX1B5azFJbkRuM0NRRllTR1AxTDJXV2txQ25iTF9uTy1lV3N0ejRpc3Y4TUZtNXJYR3dBN29xS01xWXJiR25IYXEydWtaRW1lb1EyRW5pNVJtcUd6ZDljTmpWYjB0Y0hEeTZE?oc=5"" target=""_blank"">Cameroun : Présidentielle 2025, le SDF se prépare avec 7 000 scrutateurs et 50 millions FCFA pour être candidat</a>&nbsp;&nbsp;<font color=""#6f6f6f"">Koaci</font>","Thu, 13 Feb 2025 08:00:00 GMT",Koaci,https://news.google.com/rss/articles/CBMijAJBVV95cUxNZTBFRnM3MnpKVXdiZnhLS2NHeWNyRFpPaVlqdkJmT2ZGekZWRUlYazlZTUJldHJLdWpRZ3l2MWZ2MXpwR20zblA2OG5Pd3RRc3RoN2tqWkhCYUV6czJ0SkNWWjE5c29kSUtpZ1gyYUZEWHdpM3JKOUpqcWxPUm9Qdnc0VGNtSVd4eHBGZWN3c040MUFxLXFGR0RNWmtYQXhkeVNPTXpoNGFHX1B5azFJbkRuM0NRRllTR1AxTDJXV2txQ25iTF9uTy1lV3N0ejRpc3Y4TUZtNXJYR3dBN29xS01xWXJiR25IYXEydWtaRW1lb1EyRW5pNVJtcUd6ZDljTmpWYjB0Y0hEeTZE?oc=5,politique
#Presidentielle2025: déjà huit candidats - CRTV,"<a href=""https://news.google.com/rss/articles/CBMidEFVX3lxTFA5Y3c4MmZUT0NRZldub2FCU3NRa1NiWng5N2gxQ2tsclJ1ZFBGT2ZQZTBZampnSHpSRTlXUC1WREtsVTcxQmhPeFVESUloTEFaOVJFRy1BYjdJSUl6S3U0d2RBRVg1OEk4R3BaNUJwbnRCcERR?oc=5"" target=""_blank"">#Presidentielle2025: déjà huit candidats</a>&nbsp;&nbsp;<font color=""#6f6f6f"">CRTV</font>","Wed, 08 Jan 2025 08:00:00 GMT",CRTV,https://news.google.com/rss/articles/CBMidEFVX3lxTFA5Y3c4MmZUT0NRZldub2FCU3NRa1NiWng5N2gxQ2tsclJ1ZFBGT2ZQZTBZampnSHpSRTlXUC1WREtsVTcxQmhPeFVESUloTEFaOVJFRy1BYjdJSUl6S3U0d2RBRVg1OEk4R3BaNUJwbnRCcERR?oc=5,politique
Cameroun-présidentielle 2025 : le Parlement veut un scrutin apaisé et sécurisé - Journalducameroun.com,"<a href=""https://news.google.com/rss/articles/CBMirwFBVV95cUxNTmYxcHBpZm1fNFlseEJnRmxmYWtLOXhTNm5rS3JIX2Jkb2pfM2xMdzF4N3R5Z3lVU3dPbGU1ZmtKWGFGM3ZxUnpjRDR3ZkxRa0R0dWszdU5DTFlRbzdDZXpxYkhkTUVwa3N4OVM0VFNXcFhrcGN3d1hRU1JsVUdUQ2t6RGgzc0JHb216b2ltVjByd1JxM2pLVDYydG45OUlyZFNBamFQNEIwZm1pbEVv?oc=5"" target=""_blank"">Cameroun-présidentielle 2025 : le Parlement veut un scrutin apaisé et sécurisé</a>&nbsp;&nbsp;<font color=""#6f6f6f"">Journalducameroun.com</font>","Thu, 12 Dec 2024 08:00:00 GMT",Journalducameroun.com,https://news.google.com/rss/articles/CBMirwFBVV95cUxNTmYxcHBpZm1fNFlseEJnRmxmYWtLOXhTNm5rS3JIX2Jkb2pfM2xMdzF4N3R5Z3lVU3dPbGU1ZmtKWGFGM3ZxUnpjRDR3ZkxRa0R0dWszdU5DTFlRbzdDZXpxYkhkTUVwa3N4OVM0VFNXcFhrcGN3d1hRU1JsVUdUQ2t6RGgzc0JHb216b2ltVjByd1JxM2pLVDYydG45OUlyZFNBamFQNEIwZm1pbEVv?oc=5,politique
Présidentielle 2025 : un prisonnier politique annonce sa candidature - Actu Cameroun,"<a href=""https://news.google.com/rss/articles/CBMipgFBVV95cUxOMnREMmxONkd3clZJZVQ3X2hFbjIzc01JYUlrT1dybDN2VWZzcGFvUlp2OGVETUE0WXhHNWtKNXR0SDhqVDI3dlhIYkhVbnFRdk45VzNhV25ZbVRGZXR6eE1EVXI4WHdQcVRvT0Vrd3I1SWRjTDVudmdhMHk5S0g5RkxNTF9ua3JrNW9LWXpmbEZCWndESjB5ck9IM1lEcDdqaHFQWXZR0gGrAUFVX3lxTE5iSDAyNWlLX0tMaGVScWRyMHhYTXlBV1RwdC1OZ2tIUUZMd1NZRjhnVUJFUmFRczVmc2dLd1dqaGZNWGoyZk9ha19jLWZWX00yTjJkeFZ1d3hLbkd4S1dlNnRYeW53WDk4bTBnX3R0WlE5OFdyTHNGdnhPTU5jSHpEZWd0bXJ1VnpQRUUxWGpYS09CM2tYSFNHbDdJdXp2cDVYV3U1UnlTODlCNA?oc=5"" target=""_blank"">Présidentielle 2025 : un prisonnier politique annonce sa candidature</a>&nbsp;&nbsp;<font color=""#6f6f6f"">Actu Cameroun</font>","Wed, 27 Dec 2023 08:00:00 GMT",Actu Cameroun,https://news.google.com/rss/articles/CBMipgFBVV95cUxOMnREMmxONkd3clZJZVQ3X2hFbjIzc01JYUlrT1dybDN2VWZzcGFvUlp2OGVETUE0WXhHNWtKNXR0SDhqVDI3dlhIYkhVbnFRdk45VzNhV25ZbVRGZXR6eE1EVXI4WHdQcVRvT0Vrd3I1SWRjTDVudmdhMHk5S0g5RkxNTF9ua3JrNW9LWXpmbEZCWndESjB5ck9IM1lEcDdqaHFQWXZR0gGrAUFVX3lxTE5iSDAyNWlLX0tMaGVScWRyMHhYTXlBV1RwdC1OZ2tIUUZMd1NZRjhnVUJFUmFRczVmc2dLd1dqaGZNWGoyZk9ha19jLWZWX00yTjJkeFZ1d3hLbkd4S1dlNnRYeW53WDk4bTBnX3R0WlE5OFdyTHNGdnhPTU5jSHpEZWd0bXJ1VnpQRUUxWGpYS09CM2tYSFNHbDdJdXp2cDVYV3U1UnlTODlCNA?oc=5,politique
Présidentielle 2025 au Cameroun : Paul divise l’Église ? - Le bled parle,"<a href=""https://news.google.com/rss/articles/CBMihwFBVV95cUxNM25McXRXaGdsTEJjY3pLXzY3MlAwM3JnbDBKVG9LUHVDeHRNZFVUVGo2TXJNN19ERjJFSHFUUE1hTGg1SjR3QzhLOWlSZzZTaUZaRzhFMXRmbGRXZHF0cFQ3eUZXNFlwSkY2T3JMU1F6X3JBcmNIMmRqTXA4QjRSWGkwdEg4dWs?oc=5"" target=""_blank"">Présidentielle 2025 au Cameroun : Paul divise l’Église ?</a>&nbsp;&nbsp;<font color=""#6f6f6f"">Le bled parle</font>","Tue, 07 Jan 2025 08:00:00 GMT",Le bled parle,https://news.google.com/rss/articles/CBMihwFBVV95cUxNM25McXRXaGdsTEJjY3pLXzY3MlAwM3JnbDBKVG9LUHVDeHRNZFVUVGo2TXJNN19ERjJFSHFUUE1hTGg1SjR3QzhLOWlSZzZTaUZaRzhFMXRmbGRXZHF0cFQ3eUZXNFlwSkY2T3JMU1F6X3JBcmNIMmRqTXA4QjRSWGkwdEg4dWs?oc=5,politique
Cameroun-présidentielle 2025 : 369 partis politiques sur la scène - Journalducameroun.com,"<a href=""https://news.google.com/rss/articles/CBMingFBVV95cUxONldwa2tBNEtwZlBjUUtEaTRHdzB4MGlHbExPWDN5Z0VxVERJTjB5cDRyMlNFQ2tqU3MyVzU1M1lXd0VoMm5la3ZxRTRUVlRBcklJTTY3Y1JPM2l3dzVDSFpRNlJhejJjejRRemh0UkhyVlljQzBqRkRjRnRMd3lJVEV3dWJPX1FITEliOUFTTFlpZ01aLURLOUlKeDhiQQ?oc=5"" target=""_blank"">Cameroun-présidentielle 2025 : 369 partis politiques sur la scène</a>&nbsp;&nbsp;<font color=""#6f6f6f"">Journalducameroun.com</font>","Mon, 13 Nov 2023 08:00:00 GMT",Journalducameroun.com,https://news.google.com/rss/articles/CBMingFBVV95cUxONldwa2tBNEtwZlBjUUtEaTRHdzB4MGlHbExPWDN5Z0VxVERJTjB5cDRyMlNFQ2tqU3MyVzU1M1lXd0VoMm5la3ZxRTRUVlRBcklJTTY3Y1JPM2l3dzVDSFpRNlJhejJjejRRemh0UkhyVlljQzBqRkRjRnRMd3lJVEV3dWJPX1FITEliOUFTTFlpZ01aLURLOUlKeDhiQQ?oc=5,politique
"Présidentielle 2025 : Dans l’hypothèse où le président Paul Biya déciderait de se représenter, il se placerait en troisième position-(sondage) - Actu Cameroun","<a href=""https://news.google.com/rss/articles/CBMigwJBVV95cUxQMTNoV0xDeFVVUDdpTjFUQVlMb1JwWERQN2VaM0pVWHNIbGRBaG13dTJzSVVSblFwc3UxeEZTV29GQ2MwVFZlTlN1ZmZfZmtxODVwTExNQ2hSMGpIbDMtekxIY2hwLVZyUEphYmZfTUFVdWkyQlk4eGtwUVhnQUxVMTdza0YyZy1YMVdJMk1GM01ZdW13bHhxbUhRS0ZUZHc4OFNJQ0dIb1Zrd3pRelpvYWZqM0E1bm9NYzZfNjZjQV9ucWhVM1pQa28xdTZGLVRLTV91SW1uazdOZGV4ZTNuM0tGaWMtdy1pXzVQeUdTY0FIREhtS2JYVzE3TDJFYl96ZGFz0gGIAkFVX3lxTE41RDY1dEcxUkVkN0sweENUVnE0VXAtekxOeDFGYWY4d2QwSktPV1oxbzZsZi1MWnpVbjBlTEctTXJSY0ZxQzlmTmFoU1NLcjRiVkwwTy1uRGswUXU2aTBTdG1KZkhtbElERUFIVmNnXzlXZ2tZZ053X1N5b1J1YmVieW94elhzMzBFY2RCRTZRRVBWN1ZvOEc4ZmN1V0ZXaDVQeTVlS2NsM3VkbTVwWGZYQUpCUDFkZ2lQWUp1aFhESjJrM3FCdUFJRGJKYUdINF9TWDdqX18ySkpEd0JOM0xtbTVfR2FweVpqaUduN05hREg3dGs5UXJJTm12RVY5eFktNnl3bHpxMQ?oc=5"" target=""_blank"">Présidentielle 2025 : Dans l’hypothèse où le président Paul Biya déciderait de se représenter, il se placerait en troisième position-(sondage)</a>&nbsp;&nbsp;<font color=""#6f6f6f"">Actu Cameroun</font>","Mon, 12 Jun 2023 07:00:00 GMT",Actu Cameroun,https://news.google.com/rss/articles/CBMigwJBVV95cUxQMTNoV0xDeFVVUDdpTjFUQVlMb1JwWERQN2VaM0pVWHNIbGRBaG13dTJzSVVSblFwc3UxeEZTV29GQ2MwVFZlTlN1ZmZfZmtxODVwTExNQ2hSMGpIbDMtekxIY2hwLVZyUEphYmZfTUFVdWkyQlk4eGtwUVhnQUxVMTdza0YyZy1YMVdJMk1GM01ZdW13bHhxbUhRS0ZUZHc4OFNJQ0dIb1Zrd3pRelpvYWZqM0E1bm9NYzZfNjZjQV9ucWhVM1pQa28xdTZGLVRLTV91SW1uazdOZGV4ZTNuM0tGaWMtdy1pXzVQeUdTY0FIREhtS2JYVzE3TDJFYl96ZGFz0gGIAkFVX3lxTE41RDY1dEcxUkVkN0sweENUVnE0VXAtekxOeDFGYWY4d2QwSktPV1oxbzZsZi1MWnpVbjBlTEctTXJSY0ZxQzlmTmFoU1NLcjRiVkwwTy1uRGswUXU2aTBTdG1KZkhtbElERUFIVmNnXzlXZ2tZZ053X1N5b1J1YmVieW94elhzMzBFY2RCRTZRRVBWN1ZvOEc4ZmN1V0ZXaDVQeTVlS2NsM3VkbTVwWGZYQUpCUDFkZ2lQWUp1aFhESjJrM3FCdUFJRGJKYUdINF9TWDdqX18ySkpEd0JOM0xtbTVfR2FweVpqaUduN05hREg3dGs5UXJJTm12RVY5eFktNnl3bHpxMQ?oc=5,politique
Actualités CAMEROUN :: Présidentielle 2025 : Jean-Michel Nintcheu Inaugure le Siège de l'APC Soutenant Maurice Kamto - camer.be,"<a href=""https://news.google.com/rss/articles/CBMi3AFBVV95cUxPdzlISDZqWVVCYTA2V1lDanB0OE82eXhYdkl3dG41SHZaeTJIMFZpeEx2R1d5Z21OSHUzT1VCd1Z5LVp1aHVYSF9aQVlRU3NyVktKbWwxOG5CeWNpUzRjSWRWVEppdUU0STBSV1MxVXpRdjN6T1NaWEJMRnphd05zY3hBcFp2VUNGOVk0Wmg0aWhOdVg4bVhyckRfTS1VaXdXMVlyZm9rZTA2ZWl6aWc1YnR3TjZUbm1QM2ZOUnFJSWtDRkxVbDBOZU5Ecy1NSF9kbnVEVC1wRHM3MFMw?oc=5"" target=""_blank"">Actualités CAMEROUN :: Présidentielle 2025 : Jean-Michel Nintcheu Inaugure le Siège de l'APC Soutenant Maurice Kamto</a>&nbsp;&nbsp;<font color=""#6f6f6f"">camer.be</font>","Wed, 09 Apr 2025 11:00:13 GMT",camer.be,https://news.google.com/rss/articles/CBMi3AFBVV95cUxPdzlISDZqWVVCYTA2V1lDanB0OE82eXhYdkl3dG41SHZaeTJIMFZpeEx2R1d5Z21OSHUzT1VCd1Z5LVp1aHVYSF9aQVlRU3NyVktKbWwxOG5CeWNpUzRjSWRWVEppdUU0STBSV1MxVXpRdjN6T1NaWEJMRnphd05zY3hBcFp2VUNGOVk0Wmg0aWhOdVg4bVhyckRfTS1VaXdXMVlyZm9rZTA2ZWl6aWc1YnR3TjZUbm1QM2ZOUnFJSWtDRkxVbDBOZU5Ecy1NSF9kbnVEVC1wRHM3MFMw?oc=5,politique
Actualités CAMEROUN :: Présidentielle 2025: Le sourire de Bangangté pour la candidature de Paul Biya - camer.be,"<a href=""https://news.google.com/rss/articles/CBMiygFBVV95cUxOZnJUUTNTZUU4NXRjeXZ5R0dCYXVxRzZhT0ZySUlSdURqN1EyX0FIc1puMHVlOXl1MTE3amxjOXpqOUNOMFdaNkZ3eS1hUnM3LU1fOU05VE1YZG94TUlhMmhTTWE5OTVRQmF1V25sVVhiVHV4QXo4UEd5UVhRVHhjZEpFOXZhUVhyRURFcktiX0lWRG5iQ1FWdjBWcEd5RUt3U2tHeENRdUdOOFBSX2hnSzFoWmtIeW11bWF1OHFiNjVwTnlvcW9qWWpn?oc=5"" target=""_blank"">Actualités CAMEROUN :: Présidentielle 2025: Le sourire de Bangangté pour la candidature de Paul Biya</a>&nbsp;&nbsp;<font color=""#6f6f6f"">camer.be</font>","Tue, 18 Mar 2025 07:00:00 GMT",camer.be,https://news.google.com/rss/articles/CBMiygFBVV95cUxOZnJUUTNTZUU4NXRjeXZ5R0dCYXVxRzZhT0ZySUlSdURqN1EyX0FIc1puMHVlOXl1MTE3amxjOXpqOUNOMFdaNkZ3eS1hUnM3LU1fOU05VE1YZG94TUlhMmhTTWE5OTVRQmF1V25sVVhiVHV4QXo4UEd5UVhRVHhjZEpFOXZhUVhyRURFcktiX0lWRG5iQ1FWdjBWcEd5RUt3U2tHeENRdUdOOFBSX2hnSzFoWmtIeW11bWF1OHFiNjVwTnlvcW9qWWpn?oc=5,politique
Actualités CAMEROUN :: Présidentielle 2025: Aucun obstacle juridique à la candidature du Pr Maurice Kamto - camer.be,"<a href=""https://news.google.com/rss/articles/CBMi0AFBVV95cUxQSV9VR2UyUGYwU1c2RVdCWWpWanhrd3dEd1F4a3RNWTdiR0ZvM0lwZ3Z5VE5PbTNhbkI0ZTlFc3pkaXBSVGlKNVBlWW8tX3d5UkRqdlBnWU41bnlXSnNVNV9uQ3dmOTA1YXRMMjgzMm9DMlJYam1aRzYtTGxkUWJ4d1NubXBkTGJYTlVLVXVIRUptZERCdkp6akUzdVNnanNOSVVmY0tHYklrMThoa3ZNdk1xcFltelZqcGh1QXRYZWRmdFJZR2k5Y2pGZDZReks4?oc=5"" target=""_blank"">Actualités CAMEROUN :: Présidentielle 2025: Aucun obstacle juridique à la candidature du Pr Maurice Kamto</a>&nbsp;&nbsp;<font color=""#6f6f6f"">camer.be</font>","Tue, 18 Mar 2025 07:00:00 GMT",camer.be,https://news.google.com/rss/articles/CBMi0AFBVV95cUxQSV9VR2UyUGYwU1c2RVdCWWpWanhrd3dEd1F4a3RNWTdiR0ZvM0lwZ3Z5VE5PbTNhbkI0ZTlFc3pkaXBSVGlKNVBlWW8tX3d5UkRqdlBnWU41bnlXSnNVNV9uQ3dmOTA1YXRMMjgzMm9DMlJYam1aRzYtTGxkUWJ4d1NubXBkTGJYTlVLVXVIRUptZERCdkp6akUzdVNnanNOSVVmY0tHYklrMThoa3ZNdk1xcFltelZqcGh1QXRYZWRmdFJZR2k5Y2pGZDZReks4?oc=5,politique
Actualités CAMEROUN :: Présidentielle 2025 : Albert Ndzongang défie Paul Atanga Nji - camer.be,"<a href=""https://news.google.com/rss/articles/CBMisgFBVV95cUxOTkpnUmFXckQwbTBzbElFa2NyOUdKZGU5aEFiVEptT0dDelptRjd5YWF1NDBNX0E4S0drbk1QN2RYSTNNVWtJQzE0ay1rUUZsZnJCalkxb09teS0wcmhUTm5QYmVrR1ZtVUpsR0VUZ3lISldiQXo3WFV2Nzcyc24zRHJOM0U2RWt3RUpWcl90d19QRWxydkhlQ25zdVZScGV5T1pBejR5LV83STNFaFNycC1R?oc=5"" target=""_blank"">Actualités CAMEROUN :: Présidentielle 2025 : Albert Ndzongang défie Paul Atanga Nji</a>&nbsp;&nbsp;<font color=""#6f6f6f"">camer.be</font>","Wed, 26 Mar 2025 07:00:00 GMT",camer.be,https://news.google.com/rss/articles/CBMisgFBVV95cUxOTkpnUmFXckQwbTBzbElFa2NyOUdKZGU5aEFiVEptT0dDelptRjd5YWF1NDBNX0E4S0drbk1QN2RYSTNNVWtJQzE0ay1rUUZsZnJCalkxb09teS0wcmhUTm5QYmVrR1ZtVUpsR0VUZ3lISldiQXo3WFV2Nzcyc24zRHJOM0U2RWt3RUpWcl90d19QRWxydkhlQ25zdVZScGV5T1pBejR5LV83STNFaFNycC1R?oc=5,politique
Actualités CAMEROUN :: Présidentielle 2025 au Cameroun : Le Grand Nord Appelle à un Sursaut Républicain - camer.be,"<a href=""https://news.google.com/rss/articles/CBMiwAFBVV95cUxQc1JZTGJGQWdQWHRBNmtSSkljY1JFYU85bFdCOWhmOTQ5TEhEQU9EZzZYZGJkN3NGa0tCWHBWMUdEY1lINFR0eExZMzRfMmNXd2J3dVExS1ZUcENCLXVfQjRVUlBTVXNxUmd1ZjYwNDFSUkVHajJ2cXY1eG5XRjk3MzJTbXkyRGgtSDF6NTRmTzNvVkxkMlVhekNGREVlWjVIRnpYLW91QzdxM2NwdHllZERLWjh5U25sV014U01zUmk?oc=5"" target=""_blank"">Actualités CAMEROUN :: Présidentielle 2025 au Cameroun : Le Grand Nord Appelle à un Sursaut Républicain</a>&nbsp;&nbsp;<font color=""#6f6f6f"">camer.be</font>","Thu, 13 Mar 2025 07:00:00 GMT",camer.be,https://news.google.com/rss/articles/CBMiwAFBVV95cUxQc1JZTGJGQWdQWHRBNmtSSkljY1JFYU85bFdCOWhmOTQ5TEhEQU9EZzZYZGJkN3NGa0tCWHBWMUdEY1lINFR0eExZMzRfMmNXd2J3dVExS1ZUcENCLXVfQjRVUlBTVXNxUmd1ZjYwNDFSUkVHajJ2cXY1eG5XRjk3MzJTbXkyRGgtSDF6NTRmTzNvVkxkMlVhekNGREVlWjVIRnpYLW91QzdxM2NwdHllZERLWjh5U25sV014U01zUmk?oc=5,politique
World news CAMEROUN :: Maurice Kamto officialise son fundraising pour la présidentielle 2025 : Stratégie ou pari risqué ? :: CAMEROON CAMEROUN INFO - CAMEROUN ACTU - camer.be,"<a href=""https://news.google.com/rss/articles/CBMi5wFBVV95cUxPMGJLbkZVWFdYT2xRMGROZDlpZlA4RVlEc2x5Uzh2VGJweUlMS1FQQkVsSjdlZVpMdEtZSjdPbU1VMVZBeFNNcmhxVWN2TFVFMFAtc3pNdDRkbGxTa0o4WTNJQ253bnNoaXI2WEwwZHM5Z2lfSXRVcE1ia2c1U1dYMDZ1MHNmbVQzMmJJcnlqMkkyS0JNbE9Td3Vtek1fbGtPU2JQTkQ2VlVPTW0yVGo5Uld5Nnl6UV9wUWJSa0cyZ1c4R2hURi1iNDhYZU1pZEVKNUJFNkFFZTd3bmpqYXNybzdybFB6X1k?oc=5"" target=""_blank"">World news CAMEROUN :: Maurice Kamto officialise son fundraising pour la présidentielle 2025 : Stratégie ou pari risqué ? :: CAMEROON CAMEROUN INFO - CAMEROUN ACTU</a>&nbsp;&nbsp;<font color=""#6f6f6f"">camer.be</font>","Thu, 30 Jan 2025 08:00:00 GMT",camer.be,https://news.google.com/rss/articles/CBMi5wFBVV95cUxPMGJLbkZVWFdYT2xRMGROZDlpZlA4RVlEc2x5Uzh2VGJweUlMS1FQQkVsSjdlZVpMdEtZSjdPbU1VMVZBeFNNcmhxVWN2TFVFMFAtc3pNdDRkbGxTa0o4WTNJQ253bnNoaXI2WEwwZHM5Z2lfSXRVcE1ia2c1U1dYMDZ1MHNmbVQzMmJJcnlqMkkyS0JNbE9Td3Vtek1fbGtPU2JQTkQ2VlVPTW0yVGo5Uld5Nnl6UV9wUWJSa0cyZ1c4R2hURi1iNDhYZU1pZEVKNUJFNkFFZTd3bmpqYXNybzdybFB6X1k?oc=5,politique
Actualités CAMEROUN :: Présidentielle 2025 : JOSHUA OSIH neutralise ses concurrents à l'investiture du candidat du SDF - camer.be,"<a href=""https://news.google.com/rss/articles/CBMi3wFBVV95cUxNUFZOd1RGWVZwQW5MM0ViLVhNYTI4WWVGUUY2YzVmT1lpR1E3WnZCVFNlNUJQd2tuSHpLR2dnYmRmVVBzekx0YkNLT1pHUHZPVVJJbXBrRWZGVVRZODVlT0dPWGFjTXhBanVHUEpkUkVYdE9IX2FLczJwcmNoWHNISWhXSXJMRnA1QThkUlRlTjBHQlYzcjFfT0NoTGtmdTBOa0x6RWJ6alB3Qm9zNFU4bXhCcVlxRE52RkpGSzQtUkt0c3AzVjJsNEhiWFlSQmJRZjVvVVZvSVc1UVlkcmRz?oc=5"" target=""_blank"">Actualités CAMEROUN :: Présidentielle 2025 : JOSHUA OSIH neutralise ses concurrents à l'investiture du candidat du SDF</a>&nbsp;&nbsp;<font color=""#6f6f6f"">camer.be</font>","Thu, 06 Feb 2025 08:00:00 GMT",camer.be,https://news.google.com/rss/articles/CBMi3wFBVV95cUxNUFZOd1RGWVZwQW5MM0ViLVhNYTI4WWVGUUY2YzVmT1lpR1E3WnZCVFNlNUJQd2tuSHpLR2dnYmRmVVBzekx0YkNLT1pHUHZPVVJJbXBrRWZGVVRZODVlT0dPWGFjTXhBanVHUEpkUkVYdE9IX2FLczJwcmNoWHNISWhXSXJMRnA1QThkUlRlTjBHQlYzcjFfT0NoTGtmdTBOa0x6RWJ6alB3Qm9zNFU4bXhCcVlxRE52RkpGSzQtUkt0c3AzVjJsNEhiWFlSQmJRZjVvVVZvSVc1UVlkcmRz?oc=5,politique
Actualités CAMEROUN :: Présidentielle 2025: Eloundou Essomba mobilise la Méfou-et- Akono pour Paul Biya - camer.be,"<a href=""https://news.google.com/rss/articles/CBMizAFBVV95cUxPRGF6RktBVTdvR2o4R2VyR1FvTDExOXY5eGdzdFRiVXVZOWxHMHo0R01sTmdIRmlybUc3YVZxblQ0aGtoRmphSnZ4S28yc0dSTUUyV3RjMDhwSkFubm5wUm1RZW00bWlKUGFDNnh4YWlPOEVyTi1mNHRPN0ZLZmI3VVBPR25nNW0za29kR2diX2lXUEpHVHVzOUpUbzYxTUhadHI1dVBiUy1KcmEyVkFZUHA5WWcyQnpCWDd2NGl6Zkx3RFNxYk4wWHlhX1o?oc=5"" target=""_blank"">Actualités CAMEROUN :: Présidentielle 2025: Eloundou Essomba mobilise la Méfou-et- Akono pour Paul Biya</a>&nbsp;&nbsp;<font color=""#6f6f6f"">camer.be</font>","Tue, 12 Nov 2024 08:00:00 GMT",camer.be,https://news.google.com/rss/articles/CBMizAFBVV95cUxPRGF6RktBVTdvR2o4R2VyR1FvTDExOXY5eGdzdFRiVXVZOWxHMHo0R01sTmdIRmlybUc3YVZxblQ0aGtoRmphSnZ4S28yc0dSTUUyV3RjMDhwSkFubm5wUm1RZW00bWlKUGFDNnh4YWlPOEVyTi1mNHRPN0ZLZmI3VVBPR25nNW0za29kR2diX2lXUEpHVHVzOUpUbzYxTUhadHI1dVBiUy1KcmEyVkFZUHA5WWcyQnpCWDd2NGl6Zkx3RFNxYk4wWHlhX1o?oc=5,politique
Actualités CAMEROUN :: Présidentielle 2025 : La Lékié renouvelle son soutien à Paul Biya pour une nouvelle candidature - camer.be,"<a href=""https://news.google.com/rss/articles/CBMi4AFBVV95cUxNOWQ4anFKWFY0c3pxTE92cXgzblNmOXF5RWxJVzRhLXlkcFJ5YUVwX1Z5ZnA0bVRqbHFkQkZjZnJTU3ZraUpIVU93QVU0NTFaelJ2NGdDUjJxWWlsMVFmdGN2RklDdVV3bmNZRHBsS1hfNmZJXzlYWUpqQ25zaTFWYm1qSWxPQmxNbk9ULU1BOFZWTHJmZ2NkUndYaExJV05ENXREWmhkTDNQQU56MHB5cmVoN2ExSWhSMHdDNGMyMWtTSGk1YUZ4enZOMU9vX2ZTQWkxMm1PS0dlMFl4MkMyVQ?oc=5"" target=""_blank"">Actualités CAMEROUN :: Présidentielle 2025 : La Lékié renouvelle son soutien à Paul Biya pour une nouvelle candidature</a>&nbsp;&nbsp;<font color=""#6f6f6f"">camer.be</font>","Fri, 01 Nov 2024 07:00:00 GMT",camer.be,https://news.google.com/rss/articles/CBMi4AFBVV95cUxNOWQ4anFKWFY0c3pxTE92cXgzblNmOXF5RWxJVzRhLXlkcFJ5YUVwX1Z5ZnA0bVRqbHFkQkZjZnJTU3ZraUpIVU93QVU0NTFaelJ2NGdDUjJxWWlsMVFmdGN2RklDdVV3bmNZRHBsS1hfNmZJXzlYWUpqQ25zaTFWYm1qSWxPQmxNbk9ULU1BOFZWTHJmZ2NkUndYaExJV05ENXREWmhkTDNQQU56MHB5cmVoN2ExSWhSMHdDNGMyMWtTSGk1YUZ4enZOMU9vX2ZTQWkxMm1PS0dlMFl4MkMyVQ?oc=5,politique
Présidentielle 2025 au Cameroun : La critique radical d'Éric Chinje sur l'âge et la gouvernance prés :: CAMEROON - camer.be,"<a href=""https://news.google.com/rss/articles/CBMi3gFBVV95cUxPUHo3bk9Dc01LYVdSNUxzV2pQZW5FbkFEeDgyb2pHZWo3TVdON20yTlNNWEhlTU5Bck4wam1ieTlsVG8yMV81cG5ZY3RXSDJWWTJnRzMtQm5qaExCNC1xbFVxdmgxUnZwc0VodzdNX1BZdVJ0LXNWaXpfUjlmWlJKVzBFRkJpbmJObnp5djExSVBNTm02MnlxMzRsZGxjRXA4NWFwNHkzNnJQSWJ4T2djQWtXM2FTSFRyWHFfNlczQnA4Z1U4R3pPenFwSmw1dEdQVndpN19oTFp4ZjZyMHc?oc=5"" target=""_blank"">Présidentielle 2025 au Cameroun : La critique radical d'Éric Chinje sur l'âge et la gouvernance prés :: CAMEROON</a>&nbsp;&nbsp;<font color=""#6f6f6f"">camer.be</font>","Thu, 23 Jan 2025 06:16:12 GMT",camer.be,https://news.google.com/rss/articles/CBMi3gFBVV95cUxPUHo3bk9Dc01LYVdSNUxzV2pQZW5FbkFEeDgyb2pHZWo3TVdON20yTlNNWEhlTU5Bck4wam1ieTlsVG8yMV81cG5ZY3RXSDJWWTJnRzMtQm5qaExCNC1xbFVxdmgxUnZwc0VodzdNX1BZdVJ0LXNWaXpfUjlmWlJKVzBFRkJpbmJObnp5djExSVBNTm02MnlxMzRsZGxjRXA4NWFwNHkzNnJQSWJ4T2djQWtXM2FTSFRyWHFfNlczQnA4Z1U4R3pPenFwSmw1dEdQVndpN19oTFp4ZjZyMHc?oc=5,politique
Actualités CAMEROUN :: Présidentielle 2025 : Questions et réponses sur les candidatures de Paul Biya et Maurice Kamto - camer.be,"<a href=""https://news.google.com/rss/articles/CBMi4gFBVV95cUxNRUpRYTA5Vjd2QlNFb0NWX0NzcWFFeG52bnVtT1FNUWlFaWlFUzZDS1d6VnBOWm5TYzF2RnFZYm81S0I0eUVyNDBFQ2JHOW9xWTR6aGlkSVczM0M3ZHh3YVN0dnJwUW9qYi13UndGRlZJUC1wQ2QyRmNkZDljXzhuLWJzdGhtVW45SURGMlhBalR1a29XX002cnB6TjJjX3RYQVVNcXJaT2cxdDFWcy1mMVBiWHhYRldIWlJGY3BYOTgzb3EyYUlwT0VldW9WUU4wcnZoQ2FsbTQtTVprZjJiMnBB?oc=5"" target=""_blank"">Actualités CAMEROUN :: Présidentielle 2025 : Questions et réponses sur les candidatures de Paul Biya et Maurice Kamto</a>&nbsp;&nbsp;<font color=""#6f6f6f"">camer.be</font>","Thu, 20 Mar 2025 07:00:00 GMT",camer.be,https://news.google.com/rss/articles/CBMi4gFBVV95cUxNRUpRYTA5Vjd2QlNFb0NWX0NzcWFFeG52bnVtT1FNUWlFaWlFUzZDS1d6VnBOWm5TYzF2RnFZYm81S0I0eUVyNDBFQ2JHOW9xWTR6aGlkSVczM0M3ZHh3YVN0dnJwUW9qYi13UndGRlZJUC1wQ2QyRmNkZDljXzhuLWJzdGhtVW45SURGMlhBalR1a29XX002cnB6TjJjX3RYQVVNcXJaT2cxdDFWcy1mMVBiWHhYRldIWlJGY3BYOTgzb3EyYUlwT0VldW9WUU4wcnZoQ2FsbTQtTVprZjJiMnBB?oc=5,politique
Présidentielle 2025 au Cameroun : La critique radical d'Éric Chinje sur l'âge et la gouvernance prés :: CAMEROON - camer.be,"<a href=""https://news.google.com/rss/articles/CBMi2AFBVV95cUxPc1dnNHFhdHpJdWoyaWpOOVVZZVVMbzdLbFluMUgwM3BvMEIwVUszR01heVhUZTVJTnV3aFNRUVpjYkl4eHVrRld5VllxZUJzd0tsUEEweTdscEZneW9PM095bFlJWDFPLS0xT0pnbTVfMTBEekdsajZYdVZ4OHdkd2tTY0VZa3dtZnpScG5ER05RZnpVczUydGpiNDBKaS1laEY1bVU5ZWFwVDFueVY2dHdXaGYzc2VnbzhORHFOTXRyX1pWLUoxaUwzSDNlNUZjSU5uamdHZGk?oc=5"" target=""_blank"">Présidentielle 2025 au Cameroun : La critique radical d'Éric Chinje sur l'âge et la gouvernance prés :: CAMEROON</a>&nbsp;&nbsp;<font color=""#6f6f6f"">camer.be</font>","Thu, 23 Jan 2025 08:00:00 GMT",camer.be,https://news.google.com/rss/articles/CBMi2AFBVV95cUxPc1dnNHFhdHpJdWoyaWpOOVVZZVVMbzdLbFluMUgwM3BvMEIwVUszR01heVhUZTVJTnV3aFNRUVpjYkl4eHVrRld5VllxZUJzd0tsUEEweTdscEZneW9PM095bFlJWDFPLS0xT0pnbTVfMTBEekdsajZYdVZ4OHdkd2tTY0VZa3dtZnpScG5ER05RZnpVczUydGpiNDBKaS1laEY1bVU5ZWFwVDFueVY2dHdXaGYzc2VnbzhORHFOTXRyX1pWLUoxaUwzSDNlNUZjSU5uamdHZGk?oc=5,politique
Présidentielle 2025 au Cameroun : Le Grand Nord Appelle à un Sursaut Républicain :: CAMEROON - camer.be,"<a href=""https://news.google.com/rss/articles/CBMixgFBVV95cUxNc0VISERRcjZuQXdjWFJiVEJiT3Zqel8xYU53b0k2SXV6Sy0tTHBQN3VTeEs2TnlDeUpGRmpSemR4bkNUYWFjbDBiOU9ZV2ZOemRFR0lYS1RkbmNpYVVvRHlvRlF3eFBVSGFlYkhTYi00bmpMZTVoc1RLSktLbkpDT1o0Wkt0VENUS3ZUSExuYmkzWFhXS3B5czBzYkVrR0QxdWFYOGVtZVpmVWtRZy01WTk3X3ZPR0F4Y3Z4eFp1Und3RlEzM3c?oc=5"" target=""_blank"">Présidentielle 2025 au Cameroun : Le Grand Nord Appelle à un Sursaut Républicain :: CAMEROON</a>&nbsp;&nbsp;<font color=""#6f6f6f"">camer.be</font>","Thu, 13 Mar 2025 07:00:00 GMT",camer.be,https://news.google.com/rss/articles/CBMixgFBVV95cUxNc0VISERRcjZuQXdjWFJiVEJiT3Zqel8xYU53b0k2SXV6Sy0tTHBQN3VTeEs2TnlDeUpGRmpSemR4bkNUYWFjbDBiOU9ZV2ZOemRFR0lYS1RkbmNpYVVvRHlvRlF3eFBVSGFlYkhTYi00bmpMZTVoc1RLSktLbkpDT1o0Wkt0VENUS3ZUSExuYmkzWFhXS3B5czBzYkVrR0QxdWFYOGVtZVpmVWtRZy01WTk3X3ZPR0F4Y3Z4eFp1Und3RlEzM3c?oc=5,politique
Actualités CAMEROUN :: Présidentielle 2025 : Les vérités crues des Evêques de l'Eglise catholiques du Cameroun - camer.be,"<a href=""https://news.google.com/rss/articles/CBMiyAFBVV95cUxNb3lnYmktNDY5dklhMlVKU2t1YlhfRG9FWTZFUGpSbzZMTUlIOVpWLWN6TzEzLU9WQjUxUGxIOGp1UFJDUG5uNENxYjUxMW9lU2VyUENSczM5VjRBRWhTMlBGSXJPaHRRVjk2Q0tiOTZrTkhXbUNXcDFmZWphV0JNb2o5bGNpY1dSZ0NIT0x0RXBBR3Zkemg3Rmx1S3ktYUNDRFQ5SGg2NE9ydDVCWGR2NGdyV3pESnBzRW5ZOGliU3R3bk8yY2EyTQ?oc=5"" target=""_blank"">Actualités CAMEROUN :: Présidentielle 2025 : Les vérités crues des Evêques de l'Eglise catholiques du Cameroun</a>&nbsp;&nbsp;<font color=""#6f6f6f"">camer.be</font>","Tue, 01 Apr 2025 07:00:00 GMT",camer.be,https://news.google.com/rss/articles/CBMiyAFBVV95cUxNb3lnYmktNDY5dklhMlVKU2t1YlhfRG9FWTZFUGpSbzZMTUlIOVpWLWN6TzEzLU9WQjUxUGxIOGp1UFJDUG5uNENxYjUxMW9lU2VyUENSczM5VjRBRWhTMlBGSXJPaHRRVjk2Q0tiOTZrTkhXbUNXcDFmZWphV0JNb2o5bGNpY1dSZ0NIT0x0RXBBR3Zkemg3Rmx1S3ktYUNDRFQ5SGg2NE9ydDVCWGR2NGdyV3pESnBzRW5ZOGliU3R3bk8yY2EyTQ?oc=5,politique
Jean Bahebeck : Des Propositions Audacieuses pour la Présidentielle 2025 au Cameroun :: CAMEROON - camer.be,"<a href=""https://news.google.com/rss/articles/CBMiywFBVV95cUxPaUlhcDlzdFVnSlJhVzBCY2VrclpncExibXM4SXFickVOVWtqRXdwVUZubmg5Q3o2eVpzNk9QZm1MS25VMjhRaDYwbDg5ZG9KRnpCcUI5NjlrVFl3YmxCVk1qZThkM0MzZElxZXkzWm11aFQ2ZzQ3Z0hxSVItc3dVTTA2anpFYUhDRDExeXRISmJOaW1aRkthMDl1WmFUWUI0OU5QREkzWkVjWG11LWRQMngyME5KWjlnMDFzNlRYanZ0OEM5eXBoLTJSWQ?oc=5"" target=""_blank"">Jean Bahebeck : Des Propositions Audacieuses pour la Présidentielle 2025 au Cameroun :: CAMEROON</a>&nbsp;&nbsp;<font color=""#6f6f6f"">camer.be</font>","Wed, 19 Mar 2025 07:00:00 GMT",camer.be,https://news.google.com/rss/articles/CBMiywFBVV95cUxPaUlhcDlzdFVnSlJhVzBCY2VrclpncExibXM4SXFickVOVWtqRXdwVUZubmg5Q3o2eVpzNk9QZm1MS25VMjhRaDYwbDg5ZG9KRnpCcUI5NjlrVFl3YmxCVk1qZThkM0MzZElxZXkzWm11aFQ2ZzQ3Z0hxSVItc3dVTTA2anpFYUhDRDExeXRISmJOaW1aRkthMDl1WmFUWUI0OU5QREkzWkVjWG11LWRQMngyME5KWjlnMDFzNlRYanZ0OEM5eXBoLTJSWQ?oc=5,politique
CAMEROUN :: Akere Muna candidat à la présidentielle 2025 : Objectif « Une Nouvelle République » :: CAMEROON - camer.be,"<a href=""https://news.google.com/rss/articles/CBMi0AFBVV95cUxNQU92TUxxWEJPeG4zMmxhMUNTTDhhMERzSG0yVzc4N21pZ3FHTFdPYjlBMUtrX3p1RXh3RG1zTGhwOUVrc05hTGdJOEJ3eFB6aGFiUU5NajFJQUQyWjFBb0t0TGY3dWN3YVd2Zy1tZ09rSkVhVXh5dWpYNnIwNkowMm9UMDJ1M3NabnlfV1hzQjlHaS1ObXY3UV9mT01KSEhxRFJ3b0p4cVE1SzJKX19mN0h0emUydnlzTktON1lTVVhsdGQ2dU5WbnAxdnB5MGZm?oc=5"" target=""_blank"">CAMEROUN :: Akere Muna candidat à la présidentielle 2025 : Objectif « Une Nouvelle République » :: CAMEROON</a>&nbsp;&nbsp;<font color=""#6f6f6f"">camer.be</font>","Fri, 07 Feb 2025 08:00:00 GMT",camer.be,https://news.google.com/rss/articles/CBMi0AFBVV95cUxNQU92TUxxWEJPeG4zMmxhMUNTTDhhMERzSG0yVzc4N21pZ3FHTFdPYjlBMUtrX3p1RXh3RG1zTGhwOUVrc05hTGdJOEJ3eFB6aGFiUU5NajFJQUQyWjFBb0t0TGY3dWN3YVd2Zy1tZ09rSkVhVXh5dWpYNnIwNkowMm9UMDJ1M3NabnlfV1hzQjlHaS1ObXY3UV9mT01KSEhxRFJ3b0p4cVE1SzJKX19mN0h0emUydnlzTktON1lTVVhsdGQ2dU5WbnAxdnB5MGZm?oc=5,politique
Actualités CAMEROUN :: Présidentielle 2025 au Cameroun : Le PURS investira son candidat le week-end prochain - camer.be,"<a href=""https://news.google.com/rss/articles/CBMixwFBVV95cUxQQ1dpR0FwMDVvZEk3MlB2a011NGZSWjJlcjhycWszUEF0VGp0YzFZYm9CZDhHU1QxZmZmTUY0c0lMN3RKdHZ5Ui0xR21EV0g2c0ppMUMwZW8tS2QzU1pxWTBhN3VmNm5zdG9ENWpwcXlQQnJkLXlwZzV2WGFIYVFhV0NiZkt5Zzl5bTNmcXRjODdtRGEtdkFWa2p5MTVkUk56cjJpRzlLSmlxMHFOMWpiUkVoQVdMZlYzemo0VlZyUC1Fb2JsQlJZ?oc=5"" target=""_blank"">Actualités CAMEROUN :: Présidentielle 2025 au Cameroun : Le PURS investira son candidat le week-end prochain</a>&nbsp;&nbsp;<font color=""#6f6f6f"">camer.be</font>","Wed, 02 Apr 2025 05:07:51 GMT",camer.be,https://news.google.com/rss/articles/CBMixwFBVV95cUxQQ1dpR0FwMDVvZEk3MlB2a011NGZSWjJlcjhycWszUEF0VGp0YzFZYm9CZDhHU1QxZmZmTUY0c0lMN3RKdHZ5Ui0xR21EV0g2c0ppMUMwZW8tS2QzU1pxWTBhN3VmNm5zdG9ENWpwcXlQQnJkLXlwZzV2WGFIYVFhV0NiZkt5Zzl5bTNmcXRjODdtRGEtdkFWa2p5MTVkUk56cjJpRzlLSmlxMHFOMWpiUkVoQVdMZlYzemo0VlZyUC1Fb2JsQlJZ?oc=5,politique
Actualités CAMEROUN :: Présidentielle 2025 au Cameroun : Un appel à une élection juste et massive - camer.be,"<a href=""https://news.google.com/rss/articles/CBMiuAFBVV95cUxOSHZtdV9Ya25oV1FVamdpazg3TFBWVU0ya3FiTmJZVm1mNUlVb0ZYUkFxcEhYdE1ETVQ4cTJMdGFySDRSQTg4eVgwNnk2UDFObW0zcENiQjZhVmNzRFYwLThaR1hzQmtHdUJkbXlGWlI0YVFydHZKQXRzY2dhVm9iMWc2UUJXekxYMzFiVVFFa244cEhhQVVlTDIyWEFxcUVQRW1OT1FzajVRRzYxNEpIekxoeE5UdWhS?oc=5"" target=""_blank"">Actualités CAMEROUN :: Présidentielle 2025 au Cameroun : Un appel à une élection juste et massive</a>&nbsp;&nbsp;<font color=""#6f6f6f"">camer.be</font>","Wed, 12 Mar 2025 07:00:00 GMT",camer.be,https://news.google.com/rss/articles/CBMiuAFBVV95cUxOSHZtdV9Ya25oV1FVamdpazg3TFBWVU0ya3FiTmJZVm1mNUlVb0ZYUkFxcEhYdE1ETVQ4cTJMdGFySDRSQTg4eVgwNnk2UDFObW0zcENiQjZhVmNzRFYwLThaR1hzQmtHdUJkbXlGWlI0YVFydHZKQXRzY2dhVm9iMWc2UUJXekxYMzFiVVFFa244cEhhQVVlTDIyWEFxcUVQRW1OT1FzajVRRzYxNEpIekxoeE5UdWhS?oc=5,politique
"Election présidentielle 2025, Union des Populations du Cameroun: Les crabes sortent de l'eau :: CAMEROON - camer.be","<a href=""https://news.google.com/rss/articles/CBMizwFBVV95cUxNQVRPZWQ1MGdORXRTSXBvTUh3eTJGNkZUd0liWVZCWnFiTWZuSHlSX1NPYXNLREU1VVdwcVdMbXVldk9BM0FjU09qazA5N0FxeXJrdXZONUM5X0dOaTgxUVpLa3VBQU9Ua2dKUmQxWEJNWnNiR0R6eGVFYVctZkw4MVNWVGw1a2lIZDBHamhmN1diUmUzMDlGSlZzX3QwYU9yQ25TRG5xLUYtLTEzYTM1Y0JFMGYxc0x5WTNveThrblppMk9yd3FiZEtoNW9Pems?oc=5"" target=""_blank"">Election présidentielle 2025, Union des Populations du Cameroun: Les crabes sortent de l'eau :: CAMEROON</a>&nbsp;&nbsp;<font color=""#6f6f6f"">camer.be</font>","Thu, 16 Jan 2025 08:00:00 GMT",camer.be,https://news.google.com/rss/articles/CBMizwFBVV95cUxNQVRPZWQ1MGdORXRTSXBvTUh3eTJGNkZUd0liWVZCWnFiTWZuSHlSX1NPYXNLREU1VVdwcVdMbXVldk9BM0FjU09qazA5N0FxeXJrdXZONUM5X0dOaTgxUVpLa3VBQU9Ua2dKUmQxWEJNWnNiR0R6eGVFYVctZkw4MVNWVGw1a2lIZDBHamhmN1diUmUzMDlGSlZzX3QwYU9yQ25TRG5xLUYtLTEzYTM1Y0JFMGYxc0x5WTNveThrblppMk9yd3FiZEtoNW9Pems?oc=5,politique
Actualités CAMEROUN :: Appel à l’Unité du Grand Nord pour la Présidentielle 2025 : Guibai Gatama Prend Position - camer.be,"<a href=""https://news.google.com/rss/articles/CBMi1gFBVV95cUxQdTBNY1k2RlZCSXpMWU9EUkVJbjJfR09fYzVMT0hLOFFjNzRXU2Vnd1Z3VlhCZ2FYMkpaRk9WdnBLZ19ldTRscXFOa3YxODd0LWxTR245bHAyZXFvNUZESURLb2pKdkJSVVlNTXZBVlNWZGFBRDRfSEpNVERtWnlJeGJVU1hRbWEwZVp1RW9NaGtlU2EwRFBTV2lMYzB4d2FPSVdXZ3hRakhXeHJUaFo1czBvSVlFWXd5SHNoS2M1RU8xMFZ2UEowSHVSMmZaeHBkal9mSDh3?oc=5"" target=""_blank"">Actualités CAMEROUN :: Appel à l’Unité du Grand Nord pour la Présidentielle 2025 : Guibai Gatama Prend Position</a>&nbsp;&nbsp;<font color=""#6f6f6f"">camer.be</font>","Sat, 01 Feb 2025 08:00:00 GMT",camer.be,https://news.google.com/rss/articles/CBMi1gFBVV95cUxQdTBNY1k2RlZCSXpMWU9EUkVJbjJfR09fYzVMT0hLOFFjNzRXU2Vnd1Z3VlhCZ2FYMkpaRk9WdnBLZ19ldTRscXFOa3YxODd0LWxTR245bHAyZXFvNUZESURLb2pKdkJSVVlNTXZBVlNWZGFBRDRfSEpNVERtWnlJeGJVU1hRbWEwZVp1RW9NaGtlU2EwRFBTV2lMYzB4d2FPSVdXZ3hRakhXeHJUaFo1czBvSVlFWXd5SHNoS2M1RU8xMFZ2UEowSHVSMmZaeHBkal9mSDh3?oc=5,politique
Présidentielle 2025 au Cameroun : Controverse entre Maurice Kamto et Mgr Kleda selon Owona Nguini :: CAMEROON - camer.be,"<a href=""https://news.google.com/rss/articles/CBMi1wFBVV95cUxPQlF0M3N3X00tRWNOU3ZXMDdRYk1XVTB5N1JucXdVY2ZFYkMwMFpiX2tQMkdpb0pSbURRYXpZSTA1TjNVc3ozSDhyWEYzY0ZaTElxZ2oxdVVtUzNLWnlERDE4SkRZUGJ6bkpmQ2tqVW5xdFBQeG9nakZSX0FnTlJ1WEc3Wm5TR3hpWEJqTUpMeUMtX1JRV3dEY0s0cmM3d1NyYnllektWTEJwS2tfNlhTRENqTDE0X0FpQVBvM0hpbXAzRGVNQTR6Mk1RYldUdmpROHcxSzJSOA?oc=5"" target=""_blank"">Présidentielle 2025 au Cameroun : Controverse entre Maurice Kamto et Mgr Kleda selon Owona Nguini :: CAMEROON</a>&nbsp;&nbsp;<font color=""#6f6f6f"">camer.be</font>","Fri, 27 Dec 2024 08:00:00 GMT",camer.be,https://news.google.com/rss/articles/CBMi1wFBVV95cUxPQlF0M3N3X00tRWNOU3ZXMDdRYk1XVTB5N1JucXdVY2ZFYkMwMFpiX2tQMkdpb0pSbURRYXpZSTA1TjNVc3ozSDhyWEYzY0ZaTElxZ2oxdVVtUzNLWnlERDE4SkRZUGJ6bkpmQ2tqVW5xdFBQeG9nakZSX0FnTlJ1WEc3Wm5TR3hpWEJqTUpMeUMtX1JRV3dEY0s0cmM3d1NyYnllektWTEJwS2tfNlhTRENqTDE0X0FpQVBvM0hpbXAzRGVNQTR6Mk1RYldUdmpROHcxSzJSOA?oc=5,politique
Élection présidentielle 2025 au Cameroun : Le gouvernement réagit aux prises de position des évêques :: CAMEROON - camer.be,"<a href=""https://news.google.com/rss/articles/CBMi2wFBVV95cUxPTWtmRFBQOHQzY2hWV1lVTDRvRzJXVDk1UkROOTZrLUZPNjZLbUhKcXZETEVDQ0tnRjhDd1diWVhLdWNEeWxVcVRQa3k0NDlwaTlheFFybGZfQmVUSFBONV84Zk5reWtzVU1CenVpWGlPa3AtS1R4Wld1eFk0THpRTTM1NXFFdXVzeTBRQkw1TmZ2UlpDZGNtR1JpM1QxbEtWZnhBTkk3VG1rT2R6SklYeW1sMnE3WWdkanNhVGRKNXo1R25OZ2RFWUxjaU5qQmtya2kyQjZUR0tncEE?oc=5"" target=""_blank"">Élection présidentielle 2025 au Cameroun : Le gouvernement réagit aux prises de position des évêques :: CAMEROON</a>&nbsp;&nbsp;<font color=""#6f6f6f"">camer.be</font>","Tue, 07 Jan 2025 08:00:00 GMT",camer.be,https://news.google.com/rss/articles/CBMi2wFBVV95cUxPTWtmRFBQOHQzY2hWV1lVTDRvRzJXVDk1UkROOTZrLUZPNjZLbUhKcXZETEVDQ0tnRjhDd1diWVhLdWNEeWxVcVRQa3k0NDlwaTlheFFybGZfQmVUSFBONV84Zk5reWtzVU1CenVpWGlPa3AtS1R4Wld1eFk0THpRTTM1NXFFdXVzeTBRQkw1TmZ2UlpDZGNtR1JpM1QxbEtWZnhBTkk3VG1rT2R6SklYeW1sMnE3WWdkanNhVGRKNXo1R25OZ2RFWUxjaU5qQmtya2kyQjZUR0tncEE?oc=5,politique
CAMEROUN :: Présidentielle 2025: Déclaration solennelle de candidature de Jean Blaise GWET :: CAMEROON - camer.be,"<a href=""https://news.google.com/rss/articles/CBMi0AFBVV95cUxQMzRwU1dJemEzd2xUU19lSHpBeXpySWxtUWEzdjZSNGxCd05ZMWZSSEVsdGxVbTBIR2FSZmk0Z3VpTTMwX2kxeVF4Mjd3dnYwSG8xOW9EMnFvR1pxNHdlZzIxVnREQW9rR3hlMHNuaDRCeFdDREtsUHYtTklma3hNQXhiZ2ctQUNwdEN1RDFVa2lVd0ZsXzNLeTJzUG9yNTg3RW8yZ2o2RGxQVVhjUm9jaUlCdjBlRjdBYXk1OUdvdmFFSzFpQWpmOTdocUJ6UmhT?oc=5"" target=""_blank"">CAMEROUN :: Présidentielle 2025: Déclaration solennelle de candidature de Jean Blaise GWET :: CAMEROON</a>&nbsp;&nbsp;<font color=""#6f6f6f"">camer.be</font>","Thu, 28 Nov 2024 08:00:00 GMT",camer.be,https://news.google.com/rss/articles/CBMi0AFBVV95cUxQMzRwU1dJemEzd2xUU19lSHpBeXpySWxtUWEzdjZSNGxCd05ZMWZSSEVsdGxVbTBIR2FSZmk0Z3VpTTMwX2kxeVF4Mjd3dnYwSG8xOW9EMnFvR1pxNHdlZzIxVnREQW9rR3hlMHNuaDRCeFdDREtsUHYtTklma3hNQXhiZ2ctQUNwdEN1RDFVa2lVd0ZsXzNLeTJzUG9yNTg3RW8yZ2o2RGxQVVhjUm9jaUlCdjBlRjdBYXk1OUdvdmFFSzFpQWpmOTdocUJ6UmhT?oc=5,politique
"World news CAMEROUN :: Présidentielle 2025 : Manaouda Malachie, le Soldat du RDPC, attend les ordres de Paul Biya :: CAMEROON CAMEROUN INFO - CAMEROUN ACTU - camer.be","<a href=""https://news.google.com/rss/articles/CBMi3AFBVV95cUxQNEpMX2ZWYmEyV0RWaWx2ZnM2QTJqcWw0U1JtS21LZkRwYjhwUzVxLThkcGF2ZmxDcWhkLVZJdi1jbjlKU3FtQnJ5T2ZZNU5BNlVYaVhTWjFhaVJtVzkta0dkODBLYVhJUndGaWw1UDQtbkpWT0U4QWNCaGNZbTUzMzl3NHNlLVFhVHZObDBmSU1tTDZmbVZaUDBfaVhVeDY4SWJnOUtQOUc4ZTk4QXo3TTBKcG0wcTVtQXVlaDZwSTRicjBDTEFiNTFtU1dIeWlsZW03MEttaXc3Y1Zi?oc=5"" target=""_blank"">World news CAMEROUN :: Présidentielle 2025 : Manaouda Malachie, le Soldat du RDPC, attend les ordres de Paul Biya :: CAMEROON CAMEROUN INFO - CAMEROUN ACTU</a>&nbsp;&nbsp;<font color=""#6f6f6f"">camer.be</font>","Tue, 26 Mar 2024 07:00:00 GMT",camer.be,https://news.google.com/rss/articles/CBMi3AFBVV95cUxQNEpMX2ZWYmEyV0RWaWx2ZnM2QTJqcWw0U1JtS21LZkRwYjhwUzVxLThkcGF2ZmxDcWhkLVZJdi1jbjlKU3FtQnJ5T2ZZNU5BNlVYaVhTWjFhaVJtVzkta0dkODBLYVhJUndGaWw1UDQtbkpWT0U4QWNCaGNZbTUzMzl3NHNlLVFhVHZObDBmSU1tTDZmbVZaUDBfaVhVeDY4SWJnOUtQOUc4ZTk4QXo3TTBKcG0wcTVtQXVlaDZwSTRicjBDTEFiNTFtU1dIeWlsZW03MEttaXc3Y1Zi?oc=5,politique
Actualités CAMEROUN :: Présidentielle 2025: Dr Corentin Talla postulant à la candidature coalisée de l’opposition - camer.be,"<a href=""https://news.google.com/rss/articles/CBMi2gFBVV95cUxPbFdhc2dBVy1xV1czM3o5bUVSU2FGWloxR1pXaldTQnVNVnJvQUdQOFRMTnotYWowNWJjX0hKdDExeXY5UEdVTTlyRUc2a21MZU9NdnRhSzR1ZkZsMFlrNU45dTB3ZFRsWXVJcDdSYXJWWjVEWUxMbVJaZWIxVm1fN0M3TTNWbG8wODZVTlJKRThXUFcxLWJXWG80MUhNN0NtRHF2YnBIbXFHSE9PaVIzVHZwRjloeFlNdUt1d21KSEN5SG5ibTZkVUJnZDBLTDNRQVNrWGhyS0RHdw?oc=5"" target=""_blank"">Actualités CAMEROUN :: Présidentielle 2025: Dr Corentin Talla postulant à la candidature coalisée de l’opposition</a>&nbsp;&nbsp;<font color=""#6f6f6f"">camer.be</font>","Sun, 07 Apr 2024 07:00:00 GMT",camer.be,https://news.google.com/rss/articles/CBMi2gFBVV95cUxPbFdhc2dBVy1xV1czM3o5bUVSU2FGWloxR1pXaldTQnVNVnJvQUdQOFRMTnotYWowNWJjX0hKdDExeXY5UEdVTTlyRUc2a21MZU9NdnRhSzR1ZkZsMFlrNU45dTB3ZFRsWXVJcDdSYXJWWjVEWUxMbVJaZWIxVm1fN0M3TTNWbG8wODZVTlJKRThXUFcxLWJXWG80MUhNN0NtRHF2YnBIbXFHSE9PaVIzVHZwRjloeFlNdUt1d21KSEN5SG5ibTZkVUJnZDBLTDNRQVNrWGhyS0RHdw?oc=5,politique
World news CAMEROUN :: Présidentielle 2025 : Rebecca Enonchong invite l'opposition à préparer le processus électoral :: CAMEROON CAMEROUN INFO - CAMEROUN ACTU - camer.be,"<a href=""https://news.google.com/rss/articles/CBMi4gFBVV95cUxQWGhTcjYzQWp4aGFsaERsVHY5cmtocV9QRGQ4WG9laEt4UWNuaE9oR0VYank3LWtPWVhtN25MYkFqb1RjNnZIYjB4YVlqblFqUUFlQlVUWGVvMWdCWDQ1SXFBN0U2a0k0NllwNzM5X2pJVkRjSHllRTVscjdyMTRKNzE2amtkXzJ5S29yU2FFVTE0a01zdi1tZW5tWjZ1c2d4SE9BNG8xOElhWnFRYjc2QlFNS0NDeUY1Z1p2Q2ZrY2lJa21HQmhacHJtWEQ2WVgxNVlEcHFIYU9rb3RhOV9ja2Nn?oc=5"" target=""_blank"">World news CAMEROUN :: Présidentielle 2025 : Rebecca Enonchong invite l'opposition à préparer le processus électoral :: CAMEROON CAMEROUN INFO - CAMEROUN ACTU</a>&nbsp;&nbsp;<font color=""#6f6f6f"">camer.be</font>","Wed, 27 Mar 2024 07:00:00 GMT",camer.be,https://news.google.com/rss/articles/CBMi4gFBVV95cUxQWGhTcjYzQWp4aGFsaERsVHY5cmtocV9QRGQ4WG9laEt4UWNuaE9oR0VYank3LWtPWVhtN25MYkFqb1RjNnZIYjB4YVlqblFqUUFlQlVUWGVvMWdCWDQ1SXFBN0U2a0k0NllwNzM5X2pJVkRjSHllRTVscjdyMTRKNzE2amtkXzJ5S29yU2FFVTE0a01zdi1tZW5tWjZ1c2d4SE9BNG8xOElhWnFRYjc2QlFNS0NDeUY1Z1p2Q2ZrY2lJa21HQmhacHJtWEQ2WVgxNVlEcHFIYU9rb3RhOV9ja2Nn?oc=5,politique
Actualités CAMEROUN :: Présidentielle 2025 au Cameroun : Un élu local se déclare candidat indépendant - camer.be,"<a href=""https://news.google.com/rss/articles/CBMivgFBVV95cUxNX0sxRlAzWlU2MWN6eXRVWG4tQ2k2OVJLTWVxa3pydWVuRUI3aTYzUWstcm9CWnNsVklmZjB3Z05kWHdRZXYzTkJpUlhNVlNxSHhuTE44U2N3eWxFbG9ZcGttNElPdWp0MkRNcGwyc0xEM2MxaDh5MVlCOVFnRmRUM0dwM0Z2RGgzNy1pYjRYVkpsSHRwOVRQam1wZlBGYnp1ZERsX2lyUEczQ2dZUTZ4a2VhOVZJR19BckNyTV93?oc=5"" target=""_blank"">Actualités CAMEROUN :: Présidentielle 2025 au Cameroun : Un élu local se déclare candidat indépendant</a>&nbsp;&nbsp;<font color=""#6f6f6f"">camer.be</font>","Thu, 31 Oct 2024 07:00:00 GMT",camer.be,https://news.google.com/rss/articles/CBMivgFBVV95cUxNX0sxRlAzWlU2MWN6eXRVWG4tQ2k2OVJLTWVxa3pydWVuRUI3aTYzUWstcm9CWnNsVklmZjB3Z05kWHdRZXYzTkJpUlhNVlNxSHhuTE44U2N3eWxFbG9ZcGttNElPdWp0MkRNcGwyc0xEM2MxaDh5MVlCOVFnRmRUM0dwM0Z2RGgzNy1pYjRYVkpsSHRwOVRQam1wZlBGYnp1ZERsX2lyUEczQ2dZUTZ4a2VhOVZJR19BckNyTV93?oc=5,politique
Actualités CAMEROUN :: Présidentielle 2025 : Rebecca Enonchong invite l'opposition à préparer le processus électoral - camer.be,"<a href=""https://news.google.com/rss/articles/CBMi3AFBVV95cUxPNjJXZm9HbWotNzlzTW5lSDBiOWdFZW5jZFpxalEydFd3NFpQb0xfMmVOeVZ4Y1hzNUhwRHFyaVE3UkZiamdHbnFzUEd3WmRaQ3N1cUk3dllTdGpxMWZJM0JoZkM1bUczNXpMVUVLQU1VQXlaRlA5WkFJN3RsMThmNVVha2R0N2o4TTV3QmFfWWJJRzVaV3Nud1FLZ1NmV0sxOEtRUFM5TUM2NFI1R2ZiYjJmUU9QQTVubk5nbUctN18tZzBjR2k4dkdPSV9raFN1NEF4bDItZ0xnek9I?oc=5"" target=""_blank"">Actualités CAMEROUN :: Présidentielle 2025 : Rebecca Enonchong invite l'opposition à préparer le processus électoral</a>&nbsp;&nbsp;<font color=""#6f6f6f"">camer.be</font>","Wed, 27 Mar 2024 07:00:00 GMT",camer.be,https://news.google.com/rss/articles/CBMi3AFBVV95cUxPNjJXZm9HbWotNzlzTW5lSDBiOWdFZW5jZFpxalEydFd3NFpQb0xfMmVOeVZ4Y1hzNUhwRHFyaVE3UkZiamdHbnFzUEd3WmRaQ3N1cUk3dllTdGpxMWZJM0JoZkM1bUczNXpMVUVLQU1VQXlaRlA5WkFJN3RsMThmNVVha2R0N2o4TTV3QmFfWWJJRzVaV3Nud1FLZ1NmV0sxOEtRUFM5TUM2NFI1R2ZiYjJmUU9QQTVubk5nbUctN18tZzBjR2k4dkdPSV9raFN1NEF4bDItZ0xnek9I?oc=5,politique
CAMEROUN :: Présidentielle 2025: Dr Corentin Talla postulant à la candidature coalisée de l’opposition :: CAMEROON - camer.be,"<a href=""https://news.google.com/rss/articles/CBMi3wFBVV95cUxQM1FCdkUzVG9FU1VwQU1zQTlSSkp5bENVLW1hMjBtQzYzdmtkWnUwaERCa1pDbTBwQUxBOXVoU1hseFVKd0VicGhWaVJzRWY5bkNMb1dxeGFaTEFWUzdEUk5iZk5jTzhEZDRQbUhwUjRZUXZib1ZseUN6M2VhdlJXMGM4MEQ1Nm5UZmRGWUt3dUh3cE1iX1Q3X0VOTjdocU5ZcDVUX3ZWM2pidmpEWG96c3pOU3FsSzdJaHRLRGdSVzM0eVFPZGhBZ3YtVVpHOXpaU0FZRW1DOXlsMGE0NGxv?oc=5"" target=""_blank"">CAMEROUN :: Présidentielle 2025: Dr Corentin Talla postulant à la candidature coalisée de l’opposition :: CAMEROON</a>&nbsp;&nbsp;<font color=""#6f6f6f"">camer.be</font>","Sun, 07 Apr 2024 07:00:00 GMT",camer.be,https://news.google.com/rss/articles/CBMi3wFBVV95cUxQM1FCdkUzVG9FU1VwQU1zQTlSSkp5bENVLW1hMjBtQzYzdmtkWnUwaERCa1pDbTBwQUxBOXVoU1hseFVKd0VicGhWaVJzRWY5bkNMb1dxeGFaTEFWUzdEUk5iZk5jTzhEZDRQbUhwUjRZUXZib1ZseUN6M2VhdlJXMGM4MEQ1Nm5UZmRGWUt3dUh3cE1iX1Q3X0VOTjdocU5ZcDVUX3ZWM2pidmpEWG96c3pOU3FsSzdJaHRLRGdSVzM0eVFPZGhBZ3YtVVpHOXpaU0FZRW1DOXlsMGE0NGxv?oc=5,politique
Actualités CAMEROUN :: Présidentielle 2025 : La diaspora fait pression sur Elecam.Le CNC sanctionne des journalistes. - camer.be,"<a href=""https://news.google.com/rss/articles/CBMi3wFBVV95cUxNRWNlSFdiRXZac21feU92c3h2SGo0X0FMd1NxS3BKRHluWjZWSkFJTzVPRGd0QUdHc2ZVMVNCRzY4bGpWM3A2Z003RjlmeHEtMWVfSVV0aWZBSTJSNHE0TlJRdG1Lam5ORE5YNFBFdFREOHNiT1JaRUdUZ28ybzlWQW1Kb2ZLWW5pcEVBRFZQajR1dGFGb2ZLVVByUWFkNG8xbXVnZmU0LXk0dHBYQ3JOd1JFVGtsNUpwU0RHNG1Pdzd4Y01qems3bkpSUDlrLU8tNUhqTUs4UktMaFVCZnpV?oc=5"" target=""_blank"">Actualités CAMEROUN :: Présidentielle 2025 : La diaspora fait pression sur Elecam.Le CNC sanctionne des journalistes.</a>&nbsp;&nbsp;<font color=""#6f6f6f"">camer.be</font>","Thu, 22 Feb 2024 08:00:00 GMT",camer.be,https://news.google.com/rss/articles/CBMi3wFBVV95cUxNRWNlSFdiRXZac21feU92c3h2SGo0X0FMd1NxS3BKRHluWjZWSkFJTzVPRGd0QUdHc2ZVMVNCRzY4bGpWM3A2Z003RjlmeHEtMWVfSVV0aWZBSTJSNHE0TlJRdG1Lam5ORE5YNFBFdFREOHNiT1JaRUdUZ28ybzlWQW1Kb2ZLWW5pcEVBRFZQajR1dGFGb2ZLVVByUWFkNG8xbXVnZmU0LXk0dHBYQ3JOd1JFVGtsNUpwU0RHNG1Pdzd4Y01qems3bkpSUDlrLU8tNUhqTUs4UktMaFVCZnpV?oc=5,politique
Présidentielle 2025 au Cameroun : Franck Biya prendra-t-il sa décision en toute responsabilité ? :: CAMEROON - camer.be,"<a href=""https://news.google.com/rss/articles/CBMi0wFBVV95cUxOZVZ6RE5BcVh3am1ra2xRYVVPc3EtVDZlLUYtXzVlNUdVTTVfRlNrZG9GXzVIbnpaTHk4bzhnWF9KS3llaVRxa3kxZ3E3aUp2bzZjZV9MSXJFbUNZTVV4V0MzWVMxbk9SOHB3US04dHU4TVA1U2tCOG1ia0E2OHczOXR3QTl1RVlMcVVNNkJTV1V1bHRBT0V0MExUVHFkc2JvVXlYMmtrMGJlTTdqTzhKRnNfU2VVcTl4MzlRMVptT1Bvd1lFUzRkeURRNTA5MThvdzFv?oc=5"" target=""_blank"">Présidentielle 2025 au Cameroun : Franck Biya prendra-t-il sa décision en toute responsabilité ? :: CAMEROON</a>&nbsp;&nbsp;<font color=""#6f6f6f"">camer.be</font>","Thu, 14 Mar 2024 07:00:00 GMT",camer.be,https://news.google.com/rss/articles/CBMi0wFBVV95cUxOZVZ6RE5BcVh3am1ra2xRYVVPc3EtVDZlLUYtXzVlNUdVTTVfRlNrZG9GXzVIbnpaTHk4bzhnWF9KS3llaVRxa3kxZ3E3aUp2bzZjZV9MSXJFbUNZTVV4V0MzWVMxbk9SOHB3US04dHU4TVA1U2tCOG1ia0E2OHczOXR3QTl1RVlMcVVNNkJTV1V1bHRBT0V0MExUVHFkc2JvVXlYMmtrMGJlTTdqTzhKRnNfU2VVcTl4MzlRMVptT1Bvd1lFUzRkeURRNTA5MThvdzFv?oc=5,politique
Actualités CAMEROUN :: PRÉSIDENTIELLE 2025: JEAN MICHEL NINTCHEU APPELLE À LA MUTUALISATION DES FORCES DE L'OPPOSITION - camer.be,"<a href=""https://news.google.com/rss/articles/CBMi4AFBVV95cUxQY1BXNEFLcjg2VXdocEdTX0s3amtsOTVwdExLMDFUTXVNcFNQZUFyNXJEOXYtUlA5eVp0TW1ud0xBQzNIcjJPalo3U0FUaGFfd3pkX0lCaGdnaEVZSkxYaUNLZHMxeEZBVVFGQVloaDVGaVJGbnUxYUphWEcyMnVhRW9LdW5ReHczWHVhLXZHaU9IVVVZOHdQYld2b0tTT2loNklXektTa1I1MFdyZy1mVHU1WkFzang4SjJ3Tzl6djJTQlFWa1VLeUJUTHhoQWpXd1kxSE05U3gwb2lfX0NtMQ?oc=5"" target=""_blank"">Actualités CAMEROUN :: PRÉSIDENTIELLE 2025: JEAN MICHEL NINTCHEU APPELLE À LA MUTUALISATION DES FORCES DE L'OPPOSITION</a>&nbsp;&nbsp;<font color=""#6f6f6f"">camer.be</font>","Fri, 08 Dec 2023 08:00:00 GMT",camer.be,https://news.google.com/rss/articles/CBMi4AFBVV95cUxQY1BXNEFLcjg2VXdocEdTX0s3amtsOTVwdExLMDFUTXVNcFNQZUFyNXJEOXYtUlA5eVp0TW1ud0xBQzNIcjJPalo3U0FUaGFfd3pkX0lCaGdnaEVZSkxYaUNLZHMxeEZBVVFGQVloaDVGaVJGbnUxYUphWEcyMnVhRW9LdW5ReHczWHVhLXZHaU9IVVVZOHdQYld2b0tTT2loNklXektTa1I1MFdyZy1mVHU1WkFzang4SjJ3Tzl6djJTQlFWa1VLeUJUTHhoQWpXd1kxSE05U3gwb2lfX0NtMQ?oc=5,politique
Actualités CAMEROUN :: Réunion Cruciale de la Coalition FCC pour la Présidentielle 2025 - camer.be,"<a href=""https://news.google.com/rss/articles/CBMiugFBVV95cUxOY2xBbG9jcWhXeGZHOHkyN2Z6aDdkNFNIM3o5WHZlUTdMWU9TcGhUZ1I0TUdic3JLejNvYjlXSGY4UGowS1VpcEp3d0dzbDJ4dG8tVnZCNGtmXzFtYnRqZ1ZLRU5pTmNQajlvWEVoMXgwaXRXU2IxY0JfaFlUUGtOM3ViT1J0VW4yYmRmMUNEQ1RYbHlnTFBOb2E4LTNUUXRQWU1lc1ZhWkRlSURWSVNMYTA4RDBNUm9WZWc?oc=5"" target=""_blank"">Actualités CAMEROUN :: Réunion Cruciale de la Coalition FCC pour la Présidentielle 2025</a>&nbsp;&nbsp;<font color=""#6f6f6f"">camer.be</font>","Tue, 27 Feb 2024 08:00:00 GMT",camer.be,https://news.google.com/rss/articles/CBMiugFBVV95cUxOY2xBbG9jcWhXeGZHOHkyN2Z6aDdkNFNIM3o5WHZlUTdMWU9TcGhUZ1I0TUdic3JLejNvYjlXSGY4UGowS1VpcEp3d0dzbDJ4dG8tVnZCNGtmXzFtYnRqZ1ZLRU5pTmNQajlvWEVoMXgwaXRXU2IxY0JfaFlUUGtOM3ViT1J0VW4yYmRmMUNEQ1RYbHlnTFBOb2E4LTNUUXRQWU1lc1ZhWkRlSURWSVNMYTA4RDBNUm9WZWc?oc=5,politique
